12/31/2011,twitter,"10	"
1/1/2012,twitter,"31	"
1/2/2012,twitter,"28	"
1/3/2012,twitter,"45	"
1/4/2012,twitter,"71	"
1/5/2012,twitter,"159	"
1/6/2012,twitter,"37	"
1/7/2012,twitter,"30	"
1/8/2012,twitter,"43	"
1/9/2012,twitter,"63	"
1/10/2012,twitter,"1	"
1/11/2012,twitter,"1	"
1/12/2012,twitter,"1	"
1/15/2012,twitter,"12	"
1/16/2012,twitter,"7	"
1/17/2012,twitter,"3	"
1/18/2012,twitter,"23	"
1/19/2012,twitter,"395	"
1/20/2012,twitter,"167	"
1/21/2012,twitter,"35	"
1/22/2012,twitter,"140	"
1/23/2012,twitter,"62	"
1/24/2012,twitter,"415	"
1/25/2012,twitter,"75	"
1/26/2012,twitter,"148	"
1/27/2012,twitter,"35	"
1/28/2012,twitter,"195	"
1/29/2012,twitter,"91	"
1/30/2012,twitter,"316	"
1/31/2012,twitter,"174	"
2/1/2012,twitter,"197	"
2/2/2012,twitter,"71	"
2/3/2012,twitter,"82	"
2/4/2012,twitter,"73	"
2/5/2012,twitter,"43	"
2/6/2012,twitter,"61	"
2/7/2012,twitter,"90	"
2/8/2012,twitter,"72	"
2/9/2012,twitter,"105	"
2/10/2012,twitter,"159	"
2/11/2012,twitter,"46	"
2/12/2012,twitter,"61	"
2/13/2012,twitter,"152	"
2/14/2012,twitter,"123	"
2/15/2012,twitter,"5	"
2/16/2012,twitter,"7	"
2/17/2012,twitter,"4	"
2/18/2012,twitter,"4	"
2/19/2012,twitter,"5	"
2/20/2012,twitter,"1	"
2/21/2012,twitter,"9	"
2/22/2012,twitter,"4	"
2/23/2012,twitter,"9	"
2/24/2012,twitter,"11	"
2/25/2012,twitter,"3	"
2/26/2012,twitter,"3	"
2/27/2012,twitter,"22	"
2/28/2012,twitter,"5	"
2/29/2012,twitter,"5	"
3/1/2012,twitter,"4	"
3/2/2012,twitter,"9	"
3/3/2012,twitter,"7	"
3/4/2012,twitter,"22	"
3/5/2012,twitter,"67	"
3/6/2012,twitter,"118	"
3/7/2012,twitter,"20	"
3/8/2012,twitter,"34	"
3/9/2012,twitter,"11	"
3/10/2012,twitter,"27	"
3/11/2012,twitter,"15	"
3/12/2012,twitter,"227	"
3/13/2012,twitter,"20	"
3/14/2012,twitter,"49	"
3/15/2012,twitter,"29	"
3/16/2012,twitter,"20	"
3/17/2012,twitter,"52	"
3/18/2012,twitter,"17	"
3/19/2012,twitter,"23	"
3/20/2012,twitter,"22	"
3/21/2012,twitter,"11	"
3/22/2012,twitter,"27	"
3/23/2012,twitter,"96	"
3/24/2012,twitter,"17	"
3/25/2012,twitter,"67	"
3/26/2012,twitter,"48	"
3/27/2012,twitter,"26	"
3/28/2012,twitter,"24	"
3/29/2012,twitter,"39	"
3/30/2012,twitter,"25	"
3/31/2012,twitter,"5	"
4/1/2012,twitter,"2	"
4/2/2012,twitter,"5	"
4/3/2012,twitter,"10	"
4/4/2012,twitter,"3	"
4/5/2012,twitter,"1	"
4/6/2012,twitter,"7	"
4/7/2012,twitter,"1	"
4/8/2012,twitter,"3	"
4/9/2012,twitter,"8	"
4/10/2012,twitter,"8	"
4/11/2012,twitter,"4	"
4/13/2012,twitter,"8	"
4/14/2012,twitter,"2	"
4/17/2012,twitter,"5	"
4/18/2012,twitter,"35	"
4/19/2012,twitter,"22	"
4/20/2012,twitter,"49	"
4/21/2012,twitter,"33	"
4/22/2012,twitter,"33	"
4/23/2012,twitter,"43	"
4/24/2012,twitter,"27	"
4/25/2012,twitter,"30	"
4/26/2012,twitter,"7	"
4/27/2012,twitter,"15	"
4/28/2012,twitter,"49	"
4/29/2012,twitter,"15	"
4/30/2012,twitter,"41	"
5/1/2012,twitter,"72	"
5/2/2012,twitter,"51	"
5/3/2012,twitter,"76	"
5/4/2012,twitter,"40	"
5/5/2012,twitter,"28	"
5/6/2012,twitter,"21	"
5/7/2012,twitter,"35	"
5/8/2012,twitter,"32	"
5/9/2012,twitter,"37	"
5/10/2012,twitter,"29	"
5/11/2012,twitter,"23	"
5/12/2012,twitter,"34	"
5/13/2012,twitter,"27	"
5/14/2012,twitter,"28	"
5/15/2012,twitter,"7	"
5/16/2012,twitter,"5	"
5/17/2012,twitter,"6	"
5/18/2012,twitter,"2	"
5/20/2012,twitter,"1	"
5/21/2012,twitter,"21	"
5/22/2012,twitter,"4	"
5/23/2012,twitter,"8	"
5/24/2012,twitter,"40	"
5/25/2012,twitter,"35	"
5/26/2012,twitter,"123	"
5/27/2012,twitter,"235	"
5/28/2012,twitter,"26	"
5/29/2012,twitter,"21	"
5/30/2012,twitter,"11	"
5/31/2012,twitter,"16	"
6/1/2012,twitter,"10	"
6/2/2012,twitter,"4	"
6/7/2012,twitter,"10	"
6/8/2012,twitter,"12	"
6/10/2012,twitter,"9	"
6/11/2012,twitter,"118	"
6/12/2012,twitter,"120	"
6/13/2012,twitter,"11	"
6/14/2012,twitter,"24	"
6/15/2012,twitter,"7	"
6/16/2012,twitter,"25	"
6/17/2012,twitter,"40	"
6/18/2012,twitter,"40	"
6/19/2012,twitter,"12	"
6/20/2012,twitter,"7	"
6/21/2012,twitter,"19	"
6/22/2012,twitter,"47	"
6/23/2012,twitter,"62	"
6/24/2012,twitter,"8	"
6/25/2012,twitter,"41	"
6/26/2012,twitter,"28	"
6/27/2012,twitter,"41	"
6/28/2012,twitter,"78	"
7/7/2012,twitter,"2	"
7/8/2012,twitter,"17	"
7/9/2012,twitter,"18	"
7/10/2012,twitter,"47	"
7/11/2012,twitter,"6	"
7/12/2012,twitter,"1166	"
7/13/2012,twitter,"1359	"
7/14/2012,twitter,"210	"
7/15/2012,twitter,"15	"
7/16/2012,twitter,"832	"
7/17/2012,twitter,"37	"
7/18/2012,twitter,"61	"
7/19/2012,twitter,"50	"
7/20/2012,twitter,"51	"
7/21/2012,twitter,"66	"
7/22/2012,twitter,"14	"
7/23/2012,twitter,"57	"
7/24/2012,twitter,"48	"
7/25/2012,twitter,"19	"
7/26/2012,twitter,"9	"
7/27/2012,twitter,"24	"
7/28/2012,twitter,"22	"
7/29/2012,twitter,"15	"
7/30/2012,twitter,"29	"
7/31/2012,twitter,"17	"
8/1/2012,twitter,"11	"
8/2/2012,twitter,"12	"
8/3/2012,twitter,"2	"
8/4/2012,twitter,"3	"
8/5/2012,twitter,"1	"
8/6/2012,twitter,"3	"
8/8/2012,twitter,"4	"
8/9/2012,twitter,"1	"
8/10/2012,twitter,"7	"
8/12/2012,twitter,"27	"
8/13/2012,twitter,"154	"
8/14/2012,twitter,"23	"
8/15/2012,twitter,"27	"
8/16/2012,twitter,"52	"
8/17/2012,twitter,"21	"
8/18/2012,twitter,"93	"
8/19/2012,twitter,"547	"
8/20/2012,twitter,"108	"
8/21/2012,twitter,"12	"
8/22/2012,twitter,"17	"
8/23/2012,twitter,"26	"
8/24/2012,twitter,"19	"
8/25/2012,twitter,"4	"
8/26/2012,twitter,"7	"
8/27/2012,twitter,"61	"
8/28/2012,twitter,"21	"
8/29/2012,twitter,"8	"
8/30/2012,twitter,"10	"
8/31/2012,twitter,"52	"
9/1/2012,twitter,"45	"
9/2/2012,twitter,"13	"
9/3/2012,twitter,"11	"
9/4/2012,twitter,"44	"
9/5/2012,twitter,"13	"
9/6/2012,twitter,"23	"
9/7/2012,twitter,"84	"
9/8/2012,twitter,"140	"
9/9/2012,twitter,"2	"
9/10/2012,twitter,"4	"
9/11/2012,twitter,"2	"
9/12/2012,twitter,"2	"
9/14/2012,twitter,"8	"
9/16/2012,twitter,"3	"
9/17/2012,twitter,"9	"
9/18/2012,twitter,"7	"
9/19/2012,twitter,"1	"
9/20/2012,twitter,"36	"
9/21/2012,twitter,"77	"
9/22/2012,twitter,"4	"
9/23/2012,twitter,"10	"
9/24/2012,twitter,"12	"
9/25/2012,twitter,"10	"
9/26/2012,twitter,"13	"
9/27/2012,twitter,"9	"
9/28/2012,twitter,"15	"
9/29/2012,twitter,"7	"
9/30/2012,twitter,"28	"
10/1/2012,twitter,"27	"
10/2/2012,twitter,"12	"
10/3/2012,twitter,"10	"
10/4/2012,twitter,"7	"
10/5/2012,twitter,"33	"
10/6/2012,twitter,"4	"
10/7/2012,twitter,"6	"
10/8/2012,twitter,"47	"
10/9/2012,twitter,"24	"
10/10/2012,twitter,"205	"
10/11/2012,twitter,"57	"
10/12/2012,twitter,"232	"
10/13/2012,twitter,"240	"
10/14/2012,twitter,"381	"
10/15/2012,twitter,"63	"
10/16/2012,twitter,"17	"
10/17/2012,twitter,"23	"
10/18/2012,twitter,"12	"
10/19/2012,twitter,"15	"
10/20/2012,twitter,"34	"
10/21/2012,twitter,"15	"
10/22/2012,twitter,"21	"
10/23/2012,twitter,"24	"
10/24/2012,twitter,"4	"
10/26/2012,twitter,"4	"
10/27/2012,twitter,"6	"
10/29/2012,twitter,"18	"
10/30/2012,twitter,"16	"
11/1/2012,twitter,"22	"
11/2/2012,twitter,"16	"
11/3/2012,twitter,"6	"
11/4/2012,twitter,"4	"
11/5/2012,twitter,"10	"
11/9/2012,twitter,"12	"
11/10/2012,twitter,"1	"
11/11/2012,twitter,"10	"
11/12/2012,twitter,"17	"
11/13/2012,twitter,"4	"
11/14/2012,twitter,"6	"
11/15/2012,twitter,"47	"
11/16/2012,twitter,"11	"
11/17/2012,twitter,"26	"
11/18/2012,twitter,"1	"
11/19/2012,twitter,"6	"
11/20/2012,twitter,"17	"
11/21/2012,twitter,"14	"
11/22/2012,twitter,"16	"
11/23/2012,twitter,"9	"
11/24/2012,twitter,"27	"
11/25/2012,twitter,"25	"
11/26/2012,twitter,"36	"
11/27/2012,twitter,"29	"
11/28/2012,twitter,"8	"
11/29/2012,twitter,"6	"
11/30/2012,twitter,"8	"
12/1/2012,twitter,"10	"
12/2/2012,twitter,"33	"
12/3/2012,twitter,"10	"
12/4/2012,twitter,"7	"
12/5/2012,twitter,"6	"
12/6/2012,twitter,"46	"
12/7/2012,twitter,"16	"
12/13/2012,twitter,"3	"
12/14/2012,twitter,"5	"
12/17/2012,twitter,"21	"
12/18/2012,twitter,"19	"
12/19/2012,twitter,"11	"
12/20/2012,twitter,"14	"
12/21/2012,twitter,"12	"
12/22/2012,twitter,"7	"
12/23/2012,twitter,"2	"
12/24/2012,twitter,"14	"
12/25/2012,twitter,"8	"
12/26/2012,twitter,"3	"
12/27/2012,twitter,"43	"
12/28/2012,twitter,"131	"
12/29/2012,twitter,"7	"
12/30/2012,twitter,"29	"
12/31/2012,twitter,"70	"
1/1/2013,twitter,"54	"
1/2/2013,twitter,"6	"
1/3/2013,twitter,"12	"
1/4/2013,twitter,"13	"
1/5/2013,twitter,"6	"
1/6/2013,twitter,"8	"
1/7/2013,twitter,"25	"
1/8/2013,twitter,"5	"
1/9/2013,twitter,"16	"
1/10/2013,twitter,"11	"
1/11/2013,twitter,"19	"
1/12/2013,twitter,"21	"
1/13/2013,twitter,"7	"
1/14/2013,twitter,"31	"
1/15/2013,twitter,"11	"
1/16/2013,twitter,"10	"
1/17/2013,twitter,"10	"
1/18/2013,twitter,"11	"
1/19/2013,twitter,"84	"
1/20/2013,twitter,"97	"
1/21/2013,twitter,"25	"
1/22/2013,twitter,"17	"
1/23/2013,twitter,"24	"
1/24/2013,twitter,"28	"
1/25/2013,twitter,"9	"
1/26/2013,twitter,"12	"
1/27/2013,twitter,"17	"
1/28/2013,twitter,"3	"
2/1/2013,twitter,"11	"
2/2/2013,twitter,"15	"
2/4/2013,twitter,"2	"
2/6/2013,twitter,"5	"
2/7/2013,twitter,"10	"
2/8/2013,twitter,"20	"
2/9/2013,twitter,"10	"
2/10/2013,twitter,"10	"
2/11/2013,twitter,"16	"
2/12/2013,twitter,"29	"
2/13/2013,twitter,"5	"
2/14/2013,twitter,"7	"
2/15/2013,twitter,"7	"
2/16/2013,twitter,"7	"
2/17/2013,twitter,"17	"
2/18/2013,twitter,"21	"
2/19/2013,twitter,"5	"
2/20/2013,twitter,"28	"
2/21/2013,twitter,"9	"
2/22/2013,twitter,"7	"
2/23/2013,twitter,"4	"
2/25/2013,twitter,"4	"
3/4/2013,twitter,"6	"
3/5/2013,twitter,"8	"
3/6/2013,twitter,"9	"
3/7/2013,twitter,"13	"
3/8/2013,twitter,"16	"
3/9/2013,twitter,"5	"
3/10/2013,twitter,"12	"
3/11/2013,twitter,"41	"
3/12/2013,twitter,"22	"
3/13/2013,twitter,"18	"
3/14/2013,twitter,"17	"
3/15/2013,twitter,"22	"
3/16/2013,twitter,"11	"
3/17/2013,twitter,"39	"
3/18/2013,twitter,"43	"
3/19/2013,twitter,"10	"
3/20/2013,twitter,"3	"
3/21/2013,twitter,"14	"
3/22/2013,twitter,"5	"
3/23/2013,twitter,"7	"
3/24/2013,twitter,"11	"
3/25/2013,twitter,"90	"
3/26/2013,twitter,"199	"
3/27/2013,twitter,"186	"
3/28/2013,twitter,"144	"
3/29/2013,twitter,"151	"
3/30/2013,twitter,"154	"
3/31/2013,twitter,"20	"
4/1/2013,twitter,"101	"
4/2/2013,twitter,"49	"
4/3/2013,twitter,"50	"
4/4/2013,twitter,"10	"
4/5/2013,twitter,"15	"
4/6/2013,twitter,"38	"
4/7/2013,twitter,"71	"
4/8/2013,twitter,"111	"
4/9/2013,twitter,"301	"
4/10/2013,twitter,"142	"
4/11/2013,twitter,"62	"
4/12/2013,twitter,"88	"
4/13/2013,twitter,"28	"
4/14/2013,twitter,"15	"
4/15/2013,twitter,"17	"
4/16/2013,twitter,"26	"
4/17/2013,twitter,"18	"
4/18/2013,twitter,"12	"
4/19/2013,twitter,"23	"
4/20/2013,twitter,"8	"
4/21/2013,twitter,"12	"
4/22/2013,twitter,"8	"
4/23/2013,twitter,"9	"
4/24/2013,twitter,"79	"
4/25/2013,twitter,"16	"
4/26/2013,twitter,"76	"
4/27/2013,twitter,"12	"
5/6/2013,twitter,"8	"
5/7/2013,twitter,"13	"
5/8/2013,twitter,"34	"
5/9/2013,twitter,"131	"
5/10/2013,twitter,"141	"
5/11/2013,twitter,"6	"
5/12/2013,twitter,"2	"
5/13/2013,twitter,"70	"
5/14/2013,twitter,"23	"
5/15/2013,twitter,"32	"
5/16/2013,twitter,"26	"
5/17/2013,twitter,"12	"
5/18/2013,twitter,"14	"
5/19/2013,twitter,"162	"
5/20/2013,twitter,"166	"
5/21/2013,twitter,"20	"
5/22/2013,twitter,"18	"
5/23/2013,twitter,"55	"
5/24/2013,twitter,"12	"
5/26/2013,twitter,"10	"
5/27/2013,twitter,"20	"
5/28/2013,twitter,"40	"
5/29/2013,twitter,"12	"
5/30/2013,twitter,"29	"
6/2/2013,twitter,"21	"
6/3/2013,twitter,"21	"
6/4/2013,twitter,"14	"
6/5/2013,twitter,"5	"
6/7/2013,twitter,"35	"
6/8/2013,twitter,"16	"
6/10/2013,twitter,"78	"
6/11/2013,twitter,"457	"
6/12/2013,twitter,"342	"
6/13/2013,twitter,"666	"
6/14/2013,twitter,"484	"
6/15/2013,twitter,"814	"
6/16/2013,twitter,"685	"
6/17/2013,twitter,"169	"
6/18/2013,twitter,"60	"
6/19/2013,twitter,"28	"
6/20/2013,twitter,"8	"
6/22/2013,twitter,"10	"
6/23/2013,twitter,"2	"
6/26/2013,twitter,"42	"
6/27/2013,twitter,"48	"
6/28/2013,twitter,"12	"
6/29/2013,twitter,"73	"
6/30/2013,twitter,"35	"
7/1/2013,twitter,"37	"
7/2/2013,twitter,"9	"
7/3/2013,twitter,"15	"
7/4/2013,twitter,"6	"
7/5/2013,twitter,"60	"
7/6/2013,twitter,"11	"
7/7/2013,twitter,"6	"
7/8/2013,twitter,"7	"
7/9/2013,twitter,"7	"
7/10/2013,twitter,"7	"
7/11/2013,twitter,"6	"
7/12/2013,twitter,"729	"
7/13/2013,twitter,"274	"
7/14/2013,twitter,"9	"
7/15/2013,twitter,"7	"
7/16/2013,twitter,"139	"
7/17/2013,twitter,"107	"
7/23/2013,twitter,"11	"
7/27/2013,twitter,"4	"
7/28/2013,twitter,"5	"
7/30/2013,twitter,"46	"
7/31/2013,twitter,"4	"
8/1/2013,twitter,"2	"
8/2/2013,twitter,"5	"
8/3/2013,twitter,"3	"
8/4/2013,twitter,"7	"
8/5/2013,twitter,"1	"
8/6/2013,twitter,"1	"
8/7/2013,twitter,"31	"
8/8/2013,twitter,"35	"
8/9/2013,twitter,"8	"
8/10/2013,twitter,"10	"
8/11/2013,twitter,"1	"
8/13/2013,twitter,"5	"
8/22/2013,twitter,"18	"
8/23/2013,twitter,"190	"
8/24/2013,twitter,"99	"
8/25/2013,twitter,"4	"
8/26/2013,twitter,"61	"
8/27/2013,twitter,"9	"
8/28/2013,twitter,"83	"
8/29/2013,twitter,"23	"
8/30/2013,twitter,"155	"
8/31/2013,twitter,"8	"
9/1/2013,twitter,"3	"
9/2/2013,twitter,"8	"
9/3/2013,twitter,"19	"
9/4/2013,twitter,"18	"
9/5/2013,twitter,"18	"
9/6/2013,twitter,"16	"
9/7/2013,twitter,"12	"
9/8/2013,twitter,"10	"
9/9/2013,twitter,"6	"
9/10/2013,twitter,"2	"
9/15/2013,twitter,"2	"
9/16/2013,twitter,"52	"
9/17/2013,twitter,"32	"
9/29/2013,twitter,"8	"
9/30/2013,twitter,"8	"
10/1/2013,twitter,"10	"
10/2/2013,twitter,"12	"
10/4/2013,twitter,"14	"
10/7/2013,twitter,"37	"
10/8/2013,twitter,"30	"
10/9/2013,twitter,"26	"
10/10/2013,twitter,"6	"
10/11/2013,twitter,"7	"
10/12/2013,twitter,"13	"
10/13/2013,twitter,"15	"
10/14/2013,twitter,"16	"
10/15/2013,twitter,"7	"
10/16/2013,twitter,"4	"
10/17/2013,twitter,"8	"
10/18/2013,twitter,"8	"
10/19/2013,twitter,"1	"
10/20/2013,twitter,"3	"
10/21/2013,twitter,"3	"
10/22/2013,twitter,"5	"
10/23/2013,twitter,"11	"
10/24/2013,twitter,"2	"
11/5/2013,twitter,"4	"
11/7/2013,twitter,"4	"
11/12/2013,twitter,"7	"
11/13/2013,twitter,"26	"
11/14/2013,twitter,"5	"
11/15/2013,twitter,"5	"
11/16/2013,twitter,"8	"
11/17/2013,twitter,"4	"
11/18/2013,twitter,"119	"
11/19/2013,twitter,"20	"
11/20/2013,twitter,"13	"
11/21/2013,twitter,"6	"
11/22/2013,twitter,"9	"
11/23/2013,twitter,"9	"
11/24/2013,twitter,"8	"
11/25/2013,twitter,"32	"
11/26/2013,twitter,"3	"
11/27/2013,twitter,"5	"
11/28/2013,twitter,"9	"
11/29/2013,twitter,"1	"
11/30/2013,twitter,"4	"
12/1/2013,twitter,"3	"
12/2/2013,twitter,"2	"
12/3/2013,twitter,"3	"
12/4/2013,twitter,"3	"
12/5/2013,twitter,"17	"
12/6/2013,twitter,"11	"
12/7/2013,twitter,"5	"
12/8/2013,twitter,"2	"
12/9/2013,twitter,"1	"
12/10/2013,twitter,"6	"
12/11/2013,twitter,"1	"
12/12/2013,twitter,"9	"
12/13/2013,twitter,"3	"
12/14/2013,twitter,"4	"
12/15/2013,twitter,"3	"
12/16/2013,twitter,"2	"
12/17/2013,twitter,"2	"
12/26/2013,twitter,"1	"
12/27/2013,twitter,"5	"
12/28/2013,twitter,"1	"
12/29/2013,twitter,"8	"
12/31/2013,twitter,"6	"
1/1/2014,twitter,"10	"
1/2/2014,twitter,"12	"
1/3/2014,twitter,"23	"
1/4/2014,twitter,"12	"
1/5/2014,twitter,"5	"
1/6/2014,twitter,"17	"
1/7/2014,twitter,"22	"
1/8/2014,twitter,"5	"
1/9/2014,twitter,"3	"
1/10/2014,twitter,"5	"
1/12/2014,twitter,"14	"
1/13/2014,twitter,"7	"
1/15/2014,twitter,"3	"
1/16/2014,twitter,"9	"
1/17/2014,twitter,"6	"
1/18/2014,twitter,"2	"
1/19/2014,twitter,"2	"
1/20/2014,twitter,"1	"
1/21/2014,twitter,"3	"
1/22/2014,twitter,"6	"
1/23/2014,twitter,"5	"
1/24/2014,twitter,"11	"
1/25/2014,twitter,"1	"
1/26/2014,twitter,"6	"
1/27/2014,twitter,"1	"
1/28/2014,twitter,"4	"
1/29/2014,twitter,"3	"
1/31/2014,twitter,"1	"
2/1/2014,twitter,"21	"
2/2/2014,twitter,"4	"
2/3/2014,twitter,"8	"
2/4/2014,twitter,"12	"
2/5/2014,twitter,"4	"
2/6/2014,twitter,"7	"
2/7/2014,twitter,"2	"
2/8/2014,twitter,"1	"
2/9/2014,twitter,"5	"
2/10/2014,twitter,"6	"
2/11/2014,twitter,"2	"
2/12/2014,twitter,"9	"
2/13/2014,twitter,"10	"
2/14/2014,twitter,"10	"
2/15/2014,twitter,"5	"
2/16/2014,twitter,"3	"
2/17/2014,twitter,"2	"
2/18/2014,twitter,"6	"
2/19/2014,twitter,"6	"
2/20/2014,twitter,"8	"
2/21/2014,twitter,"3	"
2/22/2014,twitter,"7	"
2/23/2014,twitter,"8	"
2/24/2014,twitter,"5	"
2/25/2014,twitter,"4	"
2/26/2014,twitter,"1	"
2/27/2014,twitter,"5	"
3/1/2014,twitter,"3	"
3/2/2014,twitter,"3	"
3/3/2014,twitter,"6	"
3/4/2014,twitter,"5	"
3/6/2014,twitter,"5	"
3/7/2014,twitter,"578	"
3/8/2014,twitter,"177	"
3/9/2014,twitter,"195	"
3/10/2014,twitter,"218	"
3/11/2014,twitter,"91	"
3/12/2014,twitter,"134	"
3/13/2014,twitter,"164	"
3/14/2014,twitter,"100	"
3/15/2014,twitter,"160	"
3/16/2014,twitter,"96	"
3/17/2014,twitter,"102	"
3/18/2014,twitter,"92	"
3/19/2014,twitter,"125	"
3/20/2014,twitter,"110	"
3/21/2014,twitter,"107	"
3/22/2014,twitter,"118	"
3/23/2014,twitter,"41	"
3/24/2014,twitter,"57	"
3/25/2014,twitter,"43	"
3/26/2014,twitter,"78	"
3/27/2014,twitter,"98	"
3/28/2014,twitter,"63	"
3/29/2014,twitter,"126	"
3/30/2014,twitter,"64	"
3/31/2014,twitter,"65	"
4/1/2014,twitter,"130	"
4/2/2014,twitter,"121	"
4/3/2014,twitter,"27	"
4/4/2014,twitter,"159	"
4/5/2014,twitter,"196	"
4/6/2014,twitter,"197	"
4/7/2014,twitter,"219	"
4/8/2014,twitter,"117	"
4/9/2014,twitter,"118	"
4/10/2014,twitter,"208	"
4/11/2014,twitter,"164	"
4/12/2014,twitter,"195	"
4/13/2014,twitter,"140	"
4/14/2014,twitter,"189	"
4/15/2014,twitter,"254	"
4/16/2014,twitter,"165	"
4/17/2014,twitter,"127	"
4/18/2014,twitter,"189	"
4/19/2014,twitter,"168	"
4/20/2014,twitter,"151	"
4/21/2014,twitter,"112	"
4/22/2014,twitter,"126	"
4/23/2014,twitter,"101	"
4/24/2014,twitter,"136	"
4/25/2014,twitter,"159	"
4/26/2014,twitter,"144	"
4/27/2014,twitter,"165	"
4/28/2014,twitter,"163	"
4/29/2014,twitter,"119	"
4/30/2014,twitter,"129	"
5/1/2014,twitter,"153	"
5/2/2014,twitter,"97	"
5/3/2014,twitter,"190	"
5/4/2014,twitter,"90	"
5/5/2014,twitter,"95	"
5/6/2014,twitter,"119	"
5/7/2014,twitter,"160	"
5/8/2014,twitter,"152	"
5/9/2014,twitter,"162	"
5/10/2014,twitter,"97	"
5/11/2014,twitter,"135	"
5/12/2014,twitter,"170	"
5/13/2014,twitter,"146	"
5/14/2014,twitter,"137	"
5/15/2014,twitter,"118	"
5/16/2014,twitter,"109	"
5/17/2014,twitter,"138	"
5/18/2014,twitter,"31	"
5/19/2014,twitter,"103	"
5/20/2014,twitter,"90	"
5/21/2014,twitter,"100	"
5/22/2014,twitter,"92	"
5/23/2014,twitter,"66	"
5/24/2014,twitter,"203	"
5/25/2014,twitter,"103	"
5/26/2014,twitter,"82	"
5/27/2014,twitter,"113	"
5/28/2014,twitter,"104	"
5/29/2014,twitter,"135	"
5/30/2014,twitter,"117	"
5/31/2014,twitter,"140	"
6/1/2014,twitter,"182	"
6/2/2014,twitter,"126	"
6/3/2014,twitter,"418	"
6/4/2014,twitter,"578	"
6/5/2014,twitter,"496	"
6/6/2014,twitter,"449	"
6/7/2014,twitter,"848	"
6/8/2014,twitter,"864	"
6/9/2014,twitter,"540	"
6/10/2014,twitter,"639	"
6/11/2014,twitter,"435	"
6/12/2014,twitter,"608	"
6/13/2014,twitter,"642	"
6/14/2014,twitter,"815	"
6/15/2014,twitter,"760	"
6/16/2014,twitter,"287	"
6/17/2014,twitter,"145	"
6/18/2014,twitter,"81	"
6/19/2014,twitter,"43	"
6/20/2014,twitter,"45	"
6/21/2014,twitter,"89	"
6/22/2014,twitter,"56	"
6/23/2014,twitter,"49	"
6/24/2014,twitter,"128	"
6/25/2014,twitter,"37	"
6/26/2014,twitter,"72	"
6/27/2014,twitter,"19	"
6/28/2014,twitter,"71	"
6/29/2014,twitter,"66	"
6/30/2014,twitter,"13	"
7/1/2014,twitter,"9	"
7/2/2014,twitter,"28	"
7/3/2014,twitter,"21	"
7/4/2014,twitter,"43	"
7/5/2014,twitter,"13	"
7/6/2014,twitter,"15	"
7/7/2014,twitter,"42	"
7/8/2014,twitter,"51	"
7/9/2014,twitter,"32	"
7/10/2014,twitter,"41	"
7/11/2014,twitter,"62	"
7/12/2014,twitter,"49	"
7/13/2014,twitter,"1236	"
7/14/2014,twitter,"71	"
7/15/2014,twitter,"83	"
7/16/2014,twitter,"97	"
7/17/2014,twitter,"119	"
7/18/2014,twitter,"26	"
7/19/2014,twitter,"30	"
7/20/2014,twitter,"55	"
7/21/2014,twitter,"41	"
7/22/2014,twitter,"101	"
7/23/2014,twitter,"18	"
7/24/2014,twitter,"57	"
7/25/2014,twitter,"42	"
7/26/2014,twitter,"89	"
7/27/2014,twitter,"18	"
7/28/2014,twitter,"53	"
7/29/2014,twitter,"64	"
7/30/2014,twitter,"40	"
7/31/2014,twitter,"58	"
8/1/2014,twitter,"38	"
8/2/2014,twitter,"50	"
8/3/2014,twitter,"44	"
8/4/2014,twitter,"67	"
8/5/2014,twitter,"106	"
8/6/2014,twitter,"8	"
8/7/2014,twitter,"60	"
8/8/2014,twitter,"71	"
8/9/2014,twitter,"87	"
8/10/2014,twitter,"9	"
8/11/2014,twitter,"70	"
8/12/2014,twitter,"29	"
8/13/2014,twitter,"78	"
8/14/2014,twitter,"18	"
8/15/2014,twitter,"29	"
8/16/2014,twitter,"83	"
8/17/2014,twitter,"15	"
8/18/2014,twitter,"11	"
8/19/2014,twitter,"8	"
8/20/2014,twitter,"79	"
8/21/2014,twitter,"9	"
8/22/2014,twitter,"145	"
8/23/2014,twitter,"31	"
8/24/2014,twitter,"88	"
8/25/2014,twitter,"12	"
8/26/2014,twitter,"9	"
8/27/2014,twitter,"78	"
8/28/2014,twitter,"13	"
8/29/2014,twitter,"105	"
8/30/2014,twitter,"36	"
8/31/2014,twitter,"11	"
9/2/2014,twitter,"40	"
9/3/2014,twitter,"4	"
9/4/2014,twitter,"6	"
9/6/2014,twitter,"22	"
9/7/2014,twitter,"10	"
9/8/2014,twitter,"4	"
9/10/2014,twitter,"18	"
9/11/2014,twitter,"73	"
9/12/2014,twitter,"53	"
9/13/2014,twitter,"90	"
9/14/2014,twitter,"13	"
9/15/2014,twitter,"21	"
9/16/2014,twitter,"338	"
9/17/2014,twitter,"61	"
9/18/2014,twitter,"78	"
9/19/2014,twitter,"69	"
9/20/2014,twitter,"61	"
9/21/2014,twitter,"29	"
9/22/2014,twitter,"14	"
9/23/2014,twitter,"39	"
9/24/2014,twitter,"37	"
9/25/2014,twitter,"10	"
9/26/2014,twitter,"17	"
9/27/2014,twitter,"31	"
9/28/2014,twitter,"55	"
9/29/2014,twitter,"40	"
9/30/2014,twitter,"12	"
10/1/2014,twitter,"9	"
10/2/2014,twitter,"13	"
10/3/2014,twitter,"13	"
10/4/2014,twitter,"66	"
10/5/2014,twitter,"16	"
10/6/2014,twitter,"89	"
10/7/2014,twitter,"33	"
10/8/2014,twitter,"29	"
10/9/2014,twitter,"16	"
10/10/2014,twitter,"36	"
10/11/2014,twitter,"27	"
10/12/2014,twitter,"9	"
10/13/2014,twitter,"12	"
10/14/2014,twitter,"85	"
10/15/2014,twitter,"14	"
10/16/2014,twitter,"14	"
10/17/2014,twitter,"20	"
10/18/2014,twitter,"38	"
10/19/2014,twitter,"41	"
10/20/2014,twitter,"59	"
10/21/2014,twitter,"13	"
10/22/2014,twitter,"6	"
10/23/2014,twitter,"4	"
10/24/2014,twitter,"11	"
10/26/2014,twitter,"24	"
10/29/2014,twitter,"24	"
10/31/2014,twitter,"2	"
11/1/2014,twitter,"4	"
11/5/2014,twitter,"1	"
11/6/2014,twitter,"2	"
11/7/2014,twitter,"13	"
11/8/2014,twitter,"4	"
11/9/2014,twitter,"12	"
11/10/2014,twitter,"1	"
11/11/2014,twitter,"2	"
11/12/2014,twitter,"14	"
11/13/2014,twitter,"43	"
11/14/2014,twitter,"41	"
11/15/2014,twitter,"23	"
11/16/2014,twitter,"10	"
11/17/2014,twitter,"69	"
11/18/2014,twitter,"50	"
11/19/2014,twitter,"11	"
11/20/2014,twitter,"13	"
11/21/2014,twitter,"82	"
11/22/2014,twitter,"22	"
11/23/2014,twitter,"10	"
11/24/2014,twitter,"8	"
11/25/2014,twitter,"34	"
11/26/2014,twitter,"8	"
11/27/2014,twitter,"12	"
11/28/2014,twitter,"46	"
11/29/2014,twitter,"28	"
11/30/2014,twitter,"1	"
12/1/2014,twitter,"9	"
12/2/2014,twitter,"14	"
12/4/2014,twitter,"6	"
12/5/2014,twitter,"19	"
12/6/2014,twitter,"18	"
12/7/2014,twitter,"4	"
12/8/2014,twitter,"10	"
12/9/2014,twitter,"59	"
12/10/2014,twitter,"10	"
12/11/2014,twitter,"84	"
12/12/2014,twitter,"23	"
12/13/2014,twitter,"14	"
12/14/2014,twitter,"3	"
12/15/2014,twitter,"24	"
12/16/2014,twitter,"49	"
12/17/2014,twitter,"21	"
12/18/2014,twitter,"18	"
12/19/2014,twitter,"54	"
12/20/2014,twitter,"28	"
12/21/2014,twitter,"20	"
12/22/2014,twitter,"25	"
12/23/2014,twitter,"3	"
12/24/2014,twitter,"48	"
12/25/2014,twitter,"5	"
12/26/2014,twitter,"40	"
12/27/2014,twitter,"2	"
12/28/2014,twitter,"32	"
12/30/2014,twitter,"8	"
12/31/2014,twitter,"48	"
1/1/2015,twitter,"37	"
1/2/2015,twitter,"28	"
1/3/2015,twitter,"7	"
1/4/2015,twitter,"14	"
1/5/2015,twitter,"32	"
1/6/2015,twitter,"4	"
1/7/2015,twitter,"8	"
1/8/2015,twitter,"20	"
1/9/2015,twitter,"63	"
1/10/2015,twitter,"18	"
1/11/2015,twitter,"49	"
1/12/2015,twitter,"9	"
1/13/2015,twitter,"69	"
1/14/2015,twitter,"16	"
1/15/2015,twitter,"94	"
1/16/2015,twitter,"54	"
1/17/2015,twitter,"15	"
1/18/2015,twitter,"12	"
1/19/2015,twitter,"8	"
1/20/2015,twitter,"62	"
1/21/2015,twitter,"34	"
1/22/2015,twitter,"59	"
1/23/2015,twitter,"47	"
1/24/2015,twitter,"59	"
1/25/2015,twitter,"9	"
1/26/2015,twitter,"110	"
1/27/2015,twitter,"73	"
1/28/2015,twitter,"176	"
1/29/2015,twitter,"55	"
1/30/2015,twitter,"86	"
1/31/2015,twitter,"69	"
2/1/2015,twitter,"30	"
2/2/2015,twitter,"27	"
2/3/2015,twitter,"52	"
2/4/2015,twitter,"16	"
2/5/2015,twitter,"60	"
2/6/2015,twitter,"11	"
2/7/2015,twitter,"74	"
2/8/2015,twitter,"21	"
2/9/2015,twitter,"20	"
2/10/2015,twitter,"55	"
2/11/2015,twitter,"26	"
2/12/2015,twitter,"59	"
2/13/2015,twitter,"17	"
2/14/2015,twitter,"51	"
2/15/2015,twitter,"11	"
2/16/2015,twitter,"16	"
2/17/2015,twitter,"11	"
2/18/2015,twitter,"15	"
2/19/2015,twitter,"53	"
2/20/2015,twitter,"21	"
2/21/2015,twitter,"30	"
2/22/2015,twitter,"13	"
2/23/2015,twitter,"91	"
2/24/2015,twitter,"5	"
2/25/2015,twitter,"9	"
2/26/2015,twitter,"13	"
2/27/2015,twitter,"6	"
2/28/2015,twitter,"43	"
3/1/2015,twitter,"44	"
3/2/2015,twitter,"21	"
3/3/2015,twitter,"54	"
3/4/2015,twitter,"25	"
3/5/2015,twitter,"23	"
3/6/2015,twitter,"11	"
3/7/2015,twitter,"12	"
3/8/2015,twitter,"9	"
3/9/2015,twitter,"43	"
3/10/2015,twitter,"7	"
3/11/2015,twitter,"11	"
3/12/2015,twitter,"16	"
3/13/2015,twitter,"8	"
3/14/2015,twitter,"11	"
3/15/2015,twitter,"9	"
3/16/2015,twitter,"92	"
3/17/2015,twitter,"9	"
3/18/2015,twitter,"40	"
3/19/2015,twitter,"21	"
3/20/2015,twitter,"67	"
3/21/2015,twitter,"6	"
3/22/2015,twitter,"35	"
3/23/2015,twitter,"35	"
3/24/2015,twitter,"53	"
3/25/2015,twitter,"21	"
3/26/2015,twitter,"12	"
3/27/2015,twitter,"63	"
3/28/2015,twitter,"22	"
3/29/2015,twitter,"47	"
3/30/2015,twitter,"9	"
3/31/2015,twitter,"38	"
4/1/2015,twitter,"14	"
4/2/2015,twitter,"50	"
4/3/2015,twitter,"20	"
4/4/2015,twitter,"31	"
4/5/2015,twitter,"14	"
4/6/2015,twitter,"25	"
4/7/2015,twitter,"53	"
4/8/2015,twitter,"22	"
4/9/2015,twitter,"39	"
4/10/2015,twitter,"18	"
4/11/2015,twitter,"15	"
4/12/2015,twitter,"21	"
4/13/2015,twitter,"10	"
4/14/2015,twitter,"10	"
4/15/2015,twitter,"39	"
4/16/2015,twitter,"29	"
4/17/2015,twitter,"28	"
4/18/2015,twitter,"20	"
4/19/2015,twitter,"51	"
4/20/2015,twitter,"16	"
4/21/2015,twitter,"48	"
4/22/2015,twitter,"16	"
4/23/2015,twitter,"12	"
4/24/2015,twitter,"10	"
4/25/2015,twitter,"25	"
4/26/2015,twitter,"18	"
4/27/2015,twitter,"12	"
4/28/2015,twitter,"62	"
4/29/2015,twitter,"16	"
4/30/2015,twitter,"43	"
5/1/2015,twitter,"30	"
5/2/2015,twitter,"43	"
5/3/2015,twitter,"12	"
5/4/2015,twitter,"16	"
5/5/2015,twitter,"35	"
5/6/2015,twitter,"24	"
5/7/2015,twitter,"30	"
5/8/2015,twitter,"10	"
5/9/2015,twitter,"20	"
5/10/2015,twitter,"20	"
5/11/2015,twitter,"27	"
5/12/2015,twitter,"20	"
5/13/2015,twitter,"21	"
5/14/2015,twitter,"6	"
5/15/2015,twitter,"41	"
5/16/2015,twitter,"14	"
5/17/2015,twitter,"9	"
5/18/2015,twitter,"21	"
5/19/2015,twitter,"42	"
5/20/2015,twitter,"31	"
5/21/2015,twitter,"12	"
5/22/2015,twitter,"29	"
5/23/2015,twitter,"7	"
5/24/2015,twitter,"5	"
5/25/2015,twitter,"54	"
5/26/2015,twitter,"14	"
5/27/2015,twitter,"42	"
5/28/2015,twitter,"19	"
5/29/2015,twitter,"36	"
5/30/2015,twitter,"21	"
5/31/2015,twitter,"10	"
6/1/2015,twitter,"18	"
6/2/2015,twitter,"11	"
6/3/2015,twitter,"28	"
6/4/2015,twitter,"4	"
6/5/2015,twitter,"30	"
6/6/2015,twitter,"15	"
6/7/2015,twitter,"20	"
6/8/2015,twitter,"26	"
6/9/2015,twitter,"15	"
6/10/2015,twitter,"29	"
6/11/2015,twitter,"98	"
6/12/2015,twitter,"38	"
6/13/2015,twitter,"25	"
6/14/2015,twitter,"8	"
6/15/2015,twitter,"18	"
6/16/2015,twitter,"27	"
6/17/2015,twitter,"4	"
6/18/2015,twitter,"20	"
6/19/2015,twitter,"13	"
6/20/2015,twitter,"21	"
6/21/2015,twitter,"19	"
6/22/2015,twitter,"65	"
6/23/2015,twitter,"21	"
6/24/2015,twitter,"22	"
6/25/2015,twitter,"36	"
6/26/2015,twitter,"33	"
6/27/2015,twitter,"7	"
6/28/2015,twitter,"102	"
6/29/2015,twitter,"39	"
6/30/2015,twitter,"11	"
7/1/2015,twitter,"11	"
7/2/2015,twitter,"7	"
7/3/2015,twitter,"13	"
7/4/2015,twitter,"2	"
7/5/2015,twitter,"1	"
7/6/2015,twitter,"2	"
7/7/2015,twitter,"8	"
7/8/2015,twitter,"7	"
7/9/2015,twitter,"9	"
7/10/2015,twitter,"4	"
7/11/2015,twitter,"12	"
7/12/2015,twitter,"253	"
7/13/2015,twitter,"549	"
7/14/2015,twitter,"126	"
7/15/2015,twitter,"11	"
7/16/2015,twitter,"8	"
7/17/2015,twitter,"16	"
7/18/2015,twitter,"2	"
7/19/2015,twitter,"19	"
7/20/2015,twitter,"42	"
7/21/2015,twitter,"11	"
7/22/2015,twitter,"7	"
7/23/2015,twitter,"26	"
7/24/2015,twitter,"12	"
7/25/2015,twitter,"8	"
7/26/2015,twitter,"11	"
7/27/2015,twitter,"20	"
7/28/2015,twitter,"24	"
7/29/2015,twitter,"8	"
7/30/2015,twitter,"8	"
7/31/2015,twitter,"96	"
8/1/2015,twitter,"56	"
8/2/2015,twitter,"59	"
8/3/2015,twitter,"67	"
8/4/2015,twitter,"124	"
8/5/2015,twitter,"72	"
8/6/2015,twitter,"31	"
8/7/2015,twitter,"38	"
8/8/2015,twitter,"58	"
8/9/2015,twitter,"36	"
8/10/2015,twitter,"60	"
8/11/2015,twitter,"46	"
8/12/2015,twitter,"51	"
8/13/2015,twitter,"42	"
8/14/2015,twitter,"69	"
8/15/2015,twitter,"18	"
8/16/2015,twitter,"153	"
8/17/2015,twitter,"29	"
8/18/2015,twitter,"54	"
8/19/2015,twitter,"151	"
8/20/2015,twitter,"146	"
8/21/2015,twitter,"94	"
8/22/2015,twitter,"88	"
8/23/2015,twitter,"35	"
8/24/2015,twitter,"225	"
8/25/2015,twitter,"259	"
8/26/2015,twitter,"121	"
8/27/2015,twitter,"210	"
8/28/2015,twitter,"136	"
8/29/2015,twitter,"25	"
8/30/2015,twitter,"102	"
8/31/2015,twitter,"289	"
9/1/2015,twitter,"259	"
9/2/2015,twitter,"297	"
9/3/2015,twitter,"326	"
9/4/2015,twitter,"257	"
9/5/2015,twitter,"263	"
9/6/2015,twitter,"313	"
9/7/2015,twitter,"323	"
9/8/2015,twitter,"280	"
9/9/2015,twitter,"390	"
9/10/2015,twitter,"569	"
9/11/2015,twitter,"293	"
9/12/2015,twitter,"456	"
9/13/2015,twitter,"461	"
9/14/2015,twitter,"281	"
9/15/2015,twitter,"48	"
9/16/2015,twitter,"31	"
9/17/2015,twitter,"14	"
9/18/2015,twitter,"11	"
9/19/2015,twitter,"23	"
9/20/2015,twitter,"29	"
9/21/2015,twitter,"6	"
9/22/2015,twitter,"14	"
9/23/2015,twitter,"22	"
9/24/2015,twitter,"11	"
9/25/2015,twitter,"17	"
9/26/2015,twitter,"16	"
9/27/2015,twitter,"6	"
9/28/2015,twitter,"17	"
9/29/2015,twitter,"13	"
9/30/2015,twitter,"19	"
10/1/2015,twitter,"13	"
10/2/2015,twitter,"19	"
10/3/2015,twitter,"12	"
10/4/2015,twitter,"14	"
10/5/2015,twitter,"44	"
10/6/2015,twitter,"27	"
10/7/2015,twitter,"16	"
10/8/2015,twitter,"21	"
10/9/2015,twitter,"23	"
10/10/2015,twitter,"15	"
10/11/2015,twitter,"12	"
10/12/2015,twitter,"7	"
10/13/2015,twitter,"12	"
10/14/2015,twitter,"12	"
10/15/2015,twitter,"5	"
10/16/2015,twitter,"11	"
10/17/2015,twitter,"7	"
10/18/2015,twitter,"14	"
10/19/2015,twitter,"1	"
10/20/2015,twitter,"6	"
10/21/2015,twitter,"14	"
10/22/2015,twitter,"4	"
10/23/2015,twitter,"10	"
10/24/2015,twitter,"24	"
10/25/2015,twitter,"4	"
10/26/2015,twitter,"9	"
10/27/2015,twitter,"7	"
10/28/2015,twitter,"7	"
10/29/2015,twitter,"11	"
10/30/2015,twitter,"5	"
10/31/2015,twitter,"41	"
11/1/2015,twitter,"25	"
11/2/2015,twitter,"16	"
11/3/2015,twitter,"77	"
11/4/2015,twitter,"179	"
11/5/2015,twitter,"46	"
11/6/2015,twitter,"22	"
11/7/2015,twitter,"20	"
11/8/2015,twitter,"17	"
11/9/2015,twitter,"36	"
11/10/2015,twitter,"14	"
11/11/2015,twitter,"100	"
11/12/2015,twitter,"29	"
11/13/2015,twitter,"89	"
11/14/2015,twitter,"22	"
11/15/2015,twitter,"23	"
11/16/2015,twitter,"7	"
11/17/2015,twitter,"68	"
11/18/2015,twitter,"32	"
11/19/2015,twitter,"189	"
11/20/2015,twitter,"47	"
11/21/2015,twitter,"38	"
11/22/2015,twitter,"20	"
11/23/2015,twitter,"13	"
11/24/2015,twitter,"27	"
11/25/2015,twitter,"30	"
11/26/2015,twitter,"32	"
11/27/2015,twitter,"9	"
11/28/2015,twitter,"16	"
11/29/2015,twitter,"40	"
11/30/2015,twitter,"29	"
12/1/2015,twitter,"22	"
12/2/2015,twitter,"44	"
12/3/2015,twitter,"16	"
12/4/2015,twitter,"22	"
12/5/2015,twitter,"20	"
12/6/2015,twitter,"27	"
12/7/2015,twitter,"17	"
12/8/2015,twitter,"21	"
12/9/2015,twitter,"24	"
12/10/2015,twitter,"31	"
12/11/2015,twitter,"57	"
12/12/2015,twitter,"12	"
12/13/2015,twitter,"63	"
12/14/2015,twitter,"25	"
12/15/2015,twitter,"14	"
12/16/2015,twitter,"24	"
12/17/2015,twitter,"34	"
12/18/2015,twitter,"23	"
12/19/2015,twitter,"10	"
12/20/2015,twitter,"21	"
12/21/2015,twitter,"39	"
12/22/2015,twitter,"3	"
12/23/2015,twitter,"17	"
12/24/2015,twitter,"4	"
12/25/2015,twitter,"5	"
12/26/2015,twitter,"5	"
12/27/2015,twitter,"3	"
12/28/2015,twitter,"4	"
12/29/2015,twitter,"21	"
12/30/2015,twitter,"15	"
12/31/2015,twitter,"27	"
1/1/2016,twitter,"13	"
1/2/2016,twitter,"6	"
1/3/2016,twitter,"8	"
1/4/2016,twitter,"12	"
1/5/2016,twitter,"9	"
1/6/2016,twitter,"4	"
1/7/2016,twitter,"3	"
1/8/2016,twitter,"19	"
1/9/2016,twitter,"15	"
1/10/2016,twitter,"26	"
1/11/2016,twitter,"6	"
1/12/2016,twitter,"1	"
1/13/2016,twitter,"10	"
1/14/2016,twitter,"9	"
1/15/2016,twitter,"6	"
1/16/2016,twitter,"4	"
1/17/2016,twitter,"14	"
1/18/2016,twitter,"26	"
1/19/2016,twitter,"20	"
1/20/2016,twitter,"13	"
1/21/2016,twitter,"3	"
1/22/2016,twitter,"7	"
1/23/2016,twitter,"6	"
1/24/2016,twitter,"22	"
1/25/2016,twitter,"28	"
1/26/2016,twitter,"6	"
1/27/2016,twitter,"17	"
1/28/2016,twitter,"2	"
1/29/2016,twitter,"8	"
1/30/2016,twitter,"13	"
1/31/2016,twitter,"9	"
2/1/2016,twitter,"2	"
2/2/2016,twitter,"11	"
2/3/2016,twitter,"18	"
2/4/2016,twitter,"12	"
2/5/2016,twitter,"20	"
2/6/2016,twitter,"15	"
2/7/2016,twitter,"6	"
2/8/2016,twitter,"8	"
2/9/2016,twitter,"4	"
2/10/2016,twitter,"6	"
2/11/2016,twitter,"1	"
2/12/2016,twitter,"6	"
2/13/2016,twitter,"17	"
2/14/2016,twitter,"22	"
2/15/2016,twitter,"4	"
2/16/2016,twitter,"3	"
2/17/2016,twitter,"9	"
2/18/2016,twitter,"15	"
2/19/2016,twitter,"3	"
2/20/2016,twitter,"6	"
2/21/2016,twitter,"3	"
2/22/2016,twitter,"5	"
2/23/2016,twitter,"5	"
2/24/2016,twitter,"3	"
2/25/2016,twitter,"3	"
2/26/2016,twitter,"5	"
2/27/2016,twitter,"7	"
2/28/2016,twitter,"5	"
2/29/2016,twitter,"16	"
3/1/2016,twitter,"19	"
3/2/2016,twitter,"7	"
3/3/2016,twitter,"5	"
3/4/2016,twitter,"8	"
3/5/2016,twitter,"6	"
3/6/2016,twitter,"3	"
3/7/2016,twitter,"3	"
3/8/2016,twitter,"8	"
3/9/2016,twitter,"5	"
3/10/2016,twitter,"13	"
3/11/2016,twitter,"4	"
3/12/2016,twitter,"3	"
3/13/2016,twitter,"3	"
3/14/2016,twitter,"16	"
3/15/2016,twitter,"4	"
3/16/2016,twitter,"13	"
3/17/2016,twitter,"11	"
3/18/2016,twitter,"5	"
3/19/2016,twitter,"4	"
3/20/2016,twitter,"19	"
3/21/2016,twitter,"13	"
3/22/2016,twitter,"18	"
3/23/2016,twitter,"4	"
3/24/2016,twitter,"8	"
3/25/2016,twitter,"3	"
3/26/2016,twitter,"5	"
3/27/2016,twitter,"6	"
3/28/2016,twitter,"3	"
3/29/2016,twitter,"3	"
3/30/2016,twitter,"31	"
3/31/2016,twitter,"11	"
4/1/2016,twitter,"19	"
4/2/2016,twitter,"5	"
4/3/2016,twitter,"30	"
4/4/2016,twitter,"3	"
4/5/2016,twitter,"27	"
4/6/2016,twitter,"13	"
4/7/2016,twitter,"8	"
4/8/2016,twitter,"10	"
4/9/2016,twitter,"2	"
4/10/2016,twitter,"1	"
4/11/2016,twitter,"9	"
4/12/2016,twitter,"3	"
4/13/2016,twitter,"21	"
4/14/2016,twitter,"5	"
4/15/2016,twitter,"8	"
4/16/2016,twitter,"5	"
4/17/2016,twitter,"5	"
4/18/2016,twitter,"16	"
4/19/2016,twitter,"5	"
4/20/2016,twitter,"11	"
4/21/2016,twitter,"25	"
4/22/2016,twitter,"5	"
4/23/2016,twitter,"4	"
4/24/2016,twitter,"3	"
4/25/2016,twitter,"4	"
4/26/2016,twitter,"2	"
4/27/2016,twitter,"5	"
4/28/2016,twitter,"2	"
4/29/2016,twitter,"5	"
4/30/2016,twitter,"2	"
5/1/2016,twitter,"1	"
5/2/2016,twitter,"39	"
5/3/2016,twitter,"25	"
5/4/2016,twitter,"25	"
5/5/2016,twitter,"33	"
5/6/2016,twitter,"14	"
5/7/2016,twitter,"38	"
5/8/2016,twitter,"23	"
5/9/2016,twitter,"6	"
5/10/2016,twitter,"6	"
5/11/2016,twitter,"7	"
5/12/2016,twitter,"7	"
5/13/2016,twitter,"3	"
5/14/2016,twitter,"4	"
5/15/2016,twitter,"1	"
5/17/2016,twitter,"1	"
5/18/2016,twitter,"8	"
5/19/2016,twitter,"11	"
5/20/2016,twitter,"4	"
5/21/2016,twitter,"6	"
5/22/2016,twitter,"4	"
5/23/2016,twitter,"13	"
5/24/2016,twitter,"2	"
5/25/2016,twitter,"7	"
5/26/2016,twitter,"1	"
5/27/2016,twitter,"7	"
5/28/2016,twitter,"12	"
5/29/2016,twitter,"1	"
5/30/2016,twitter,"3	"
5/31/2016,twitter,"4	"
6/1/2016,twitter,"8	"
6/2/2016,twitter,"16	"
6/3/2016,twitter,"5	"
6/4/2016,twitter,"1	"
6/5/2016,twitter,"4	"
6/6/2016,twitter,"1	"
6/7/2016,twitter,"6	"
6/8/2016,twitter,"2	"
6/9/2016,twitter,"3	"
6/10/2016,twitter,"2	"
6/11/2016,twitter,"4	"
6/12/2016,twitter,"7	"
6/13/2016,twitter,"2	"
6/14/2016,twitter,"2	"
6/15/2016,twitter,"5	"
6/16/2016,twitter,"1	"
6/17/2016,twitter,"5	"
6/18/2016,twitter,"4	"
6/19/2016,twitter,"5	"
6/20/2016,twitter,"16	"
6/21/2016,twitter,"3	"
6/22/2016,twitter,"1	"
6/25/2016,twitter,"1	"
6/26/2016,twitter,"2	"
6/27/2016,twitter,"1	"
6/28/2016,twitter,"1	"
6/29/2016,twitter,"4	"
7/2/2016,twitter,"3	"
7/3/2016,twitter,"5	"
7/4/2016,twitter,"2	"
7/5/2016,twitter,"4	"
7/6/2016,twitter,"6	"
7/16/2016,twitter,"6	"
7/17/2016,twitter,"1	"
7/18/2016,twitter,"6	"
7/19/2016,twitter,"18	"
7/20/2016,twitter,"53	"
7/21/2016,twitter,"4	"
7/22/2016,twitter,"1	"
7/23/2016,twitter,"4	"
7/24/2016,twitter,"6	"
7/25/2016,twitter,"26	"
7/26/2016,twitter,"2	"
7/27/2016,twitter,"3	"
7/28/2016,twitter,"4	"
7/29/2016,twitter,"2	"
7/30/2016,twitter,"7	"
7/31/2016,twitter,"8	"
8/1/2016,twitter,"27	"
8/2/2016,twitter,"4	"
8/3/2016,twitter,"12	"
8/4/2016,twitter,"5	"
8/5/2016,twitter,"5	"
8/6/2016,twitter,"5	"
8/7/2016,twitter,"4	"
8/8/2016,twitter,"9	"
8/9/2016,twitter,"11	"
8/10/2016,twitter,"8	"
8/11/2016,twitter,"7	"
8/12/2016,twitter,"6	"
8/13/2016,twitter,"8	"
8/14/2016,twitter,"5	"
8/15/2016,twitter,"4	"
8/16/2016,twitter,"8	"
8/17/2016,twitter,"4	"
8/18/2016,twitter,"14	"
8/19/2016,twitter,"7	"
8/20/2016,twitter,"8	"
8/21/2016,twitter,"5	"
8/22/2016,twitter,"5	"
8/23/2016,twitter,"3	"
8/24/2016,twitter,"5	"
8/25/2016,twitter,"6	"
8/26/2016,twitter,"5	"
8/27/2016,twitter,"13	"
8/28/2016,twitter,"7	"
8/29/2016,twitter,"4	"
8/30/2016,twitter,"2	"
8/31/2016,twitter,"6	"
9/1/2016,twitter,"7	"
9/2/2016,twitter,"29	"
9/3/2016,twitter,"21	"
9/4/2016,twitter,"19	"
9/5/2016,twitter,"25	"
9/6/2016,twitter,"19	"
9/7/2016,twitter,"11	"
9/8/2016,twitter,"8	"
9/9/2016,twitter,"12	"
9/10/2016,twitter,"4	"
9/11/2016,twitter,"9	"
9/12/2016,twitter,"10	"
9/13/2016,twitter,"6	"
9/14/2016,twitter,"23	"
9/15/2016,twitter,"6	"
9/16/2016,twitter,"10	"
9/17/2016,twitter,"23	"
9/18/2016,twitter,"14	"
9/19/2016,twitter,"10	"
9/20/2016,twitter,"17	"
9/21/2016,twitter,"9	"
9/22/2016,twitter,"35	"
9/23/2016,twitter,"38	"
9/24/2016,twitter,"12	"
9/25/2016,twitter,"14	"
9/26/2016,twitter,"42	"
9/27/2016,twitter,"4	"
9/28/2016,twitter,"3	"
9/29/2016,twitter,"2	"
9/30/2016,twitter,"3	"
10/1/2016,twitter,"7	"
10/2/2016,twitter,"16	"
10/3/2016,twitter,"5	"
10/4/2016,twitter,"1	"
10/5/2016,twitter,"12	"
10/6/2016,twitter,"5	"
10/7/2016,twitter,"1	"
10/8/2016,twitter,"2	"
10/9/2016,twitter,"4	"
10/10/2016,twitter,"9	"
10/11/2016,twitter,"9	"
10/12/2016,twitter,"3	"
10/14/2016,twitter,"3	"
10/15/2016,twitter,"4	"
10/16/2016,twitter,"3	"
10/17/2016,twitter,"1	"
10/18/2016,twitter,"12	"
10/19/2016,twitter,"6	"
10/20/2016,twitter,"40	"
10/21/2016,twitter,"3	"
10/22/2016,twitter,"3	"
10/23/2016,twitter,"9	"
10/24/2016,twitter,"1	"
10/25/2016,twitter,"3	"
10/26/2016,twitter,"12	"
10/27/2016,twitter,"5	"
10/28/2016,twitter,"6	"
10/29/2016,twitter,"2	"
10/30/2016,twitter,"17	"
10/31/2016,twitter,"9	"
11/1/2016,twitter,"5	"
11/2/2016,twitter,"6	"
11/3/2016,twitter,"7	"
11/4/2016,twitter,"12	"
11/5/2016,twitter,"30	"
11/6/2016,twitter,"20	"
11/7/2016,twitter,"10	"
11/8/2016,twitter,"5	"
11/9/2016,twitter,"3	"
11/10/2016,twitter,"1	"
11/12/2016,twitter,"3	"
11/13/2016,twitter,"4	"
11/14/2016,twitter,"1	"
11/15/2016,twitter,"3	"
11/16/2016,twitter,"2	"
11/17/2016,twitter,"7	"
11/18/2016,twitter,"15	"
11/19/2016,twitter,"17	"
11/20/2016,twitter,"3	"
11/23/2016,twitter,"6	"
11/25/2016,twitter,"1	"
11/26/2016,twitter,"2	"
11/27/2016,twitter,"11	"
11/29/2016,twitter,"1	"
12/2/2016,twitter,"4	"
12/3/2016,twitter,"19	"
12/4/2016,twitter,"29	"
12/5/2016,twitter,"1	"
12/6/2016,twitter,"2	"
12/7/2016,twitter,"9	"
12/8/2016,twitter,"2	"
12/9/2016,twitter,"6	"
12/10/2016,twitter,"13	"
12/11/2016,twitter,"3	"
12/12/2016,twitter,"2	"
12/13/2016,twitter,"4	"
12/15/2016,twitter,"1	"
12/16/2016,twitter,"2	"
12/17/2016,twitter,"1	"
12/18/2016,twitter,"4	"
12/19/2016,twitter,"1	"
12/21/2016,twitter,"3	"
12/22/2016,twitter,"2	"
12/23/2016,twitter,"3	"
12/25/2016,twitter,"2	"
12/26/2016,twitter,"2	"
12/27/2016,twitter,"2	"
12/28/2016,twitter,"2	"
12/29/2016,twitter,"3	"
12/30/2016,twitter,"3	"
1/3/2017,twitter,"25	"
1/4/2017,twitter,"1	"
1/5/2017,twitter,"2	"
1/6/2017,twitter,"3	"
1/7/2017,twitter,"2	"
1/8/2017,twitter,"1	"
1/9/2017,twitter,"2	"
1/10/2017,twitter,"4	"
1/11/2017,twitter,"7	"
1/12/2017,twitter,"3	"
1/13/2017,twitter,"1	"
1/14/2017,twitter,"4	"
1/15/2017,twitter,"3	"
1/16/2017,twitter,"4	"
1/18/2017,twitter,"4	"
1/20/2017,twitter,"6	"
1/21/2017,twitter,"18	"
1/24/2017,twitter,"14	"
1/25/2017,twitter,"8	"
1/26/2017,twitter,"5	"
1/27/2017,twitter,"7	"
1/28/2017,twitter,"8	"
1/29/2017,twitter,"4	"
2/1/2017,twitter,"3	"
2/2/2017,twitter,"2	"
2/3/2017,twitter,"2	"
2/4/2017,twitter,"1	"
2/5/2017,twitter,"10	"
2/6/2017,twitter,"1	"
2/7/2017,twitter,"2	"
2/8/2017,twitter,"3	"
2/10/2017,twitter,"1	"
2/11/2017,twitter,"6	"
2/13/2017,twitter,"4	"
2/14/2017,twitter,"2	"
2/15/2017,twitter,"2	"
2/16/2017,twitter,"16	"
2/17/2017,twitter,"7	"
2/18/2017,twitter,"1	"
2/19/2017,twitter,"2	"
2/20/2017,twitter,"7	"
2/21/2017,twitter,"3	"
2/22/2017,twitter,"3	"
2/23/2017,twitter,"2	"
2/24/2017,twitter,"2	"
2/25/2017,twitter,"1	"
2/26/2017,twitter,"2	"
2/27/2017,twitter,"1	"
2/28/2017,twitter,"1	"
3/1/2017,twitter,"1	"
3/2/2017,twitter,"1	"
3/3/2017,twitter,"1	"
3/4/2017,twitter,"4	"
3/5/2017,twitter,"1	"
3/6/2017,twitter,"1	"
3/8/2017,twitter,"4	"
3/9/2017,twitter,"2	"
3/10/2017,twitter,"2	"
3/11/2017,twitter,"2	"
3/12/2017,twitter,"1	"
3/13/2017,twitter,"1	"
3/14/2017,twitter,"2	"
3/15/2017,twitter,"4	"
3/16/2017,twitter,"1	"
3/19/2017,twitter,"4	"
3/21/2017,twitter,"3	"
3/22/2017,twitter,"7	"
3/23/2017,twitter,"3	"
3/24/2017,twitter,"10	"
3/25/2017,twitter,"3	"
3/26/2017,twitter,"2	"
3/28/2017,twitter,"1	"
3/29/2017,twitter,"3	"
3/30/2017,twitter,"3	"
3/31/2017,twitter,"1	"
4/1/2017,twitter,"1	"
4/2/2017,twitter,"2	"
4/3/2017,twitter,"3	"
4/6/2017,twitter,"3	"
4/7/2017,twitter,"1	"
4/8/2017,twitter,"2	"
4/9/2017,twitter,"3	"
4/10/2017,twitter,"1	"
4/11/2017,twitter,"4	"
4/12/2017,twitter,"2	"
4/15/2017,twitter,"5	"
4/16/2017,twitter,"5	"
4/17/2017,twitter,"1	"
4/18/2017,twitter,"2	"
4/19/2017,twitter,"15	"
4/21/2017,twitter,"4	"
4/22/2017,twitter,"22	"
4/24/2017,twitter,"9	"
4/25/2017,twitter,"19	"
4/26/2017,twitter,"1	"
4/28/2017,twitter,"42	"
4/29/2017,twitter,"8	"
4/30/2017,twitter,"1	"
5/1/2017,twitter,"18	"
5/2/2017,twitter,"14	"
5/4/2017,twitter,"18	"
5/5/2017,twitter,"5	"
5/6/2017,twitter,"5	"
5/7/2017,twitter,"5	"
5/8/2017,twitter,"34	"
5/9/2017,twitter,"1	"
5/10/2017,twitter,"1	"
5/11/2017,twitter,"1	"
5/12/2017,twitter,"8	"
5/13/2017,twitter,"2	"
5/14/2017,twitter,"5	"
5/17/2017,twitter,"4	"
5/18/2017,twitter,"15	"
5/19/2017,twitter,"5	"
5/20/2017,twitter,"6	"
5/21/2017,twitter,"2	"
5/22/2017,twitter,"1	"
5/23/2017,twitter,"7	"
5/24/2017,twitter,"2	"
5/25/2017,twitter,"2	"
5/26/2017,twitter,"3	"
5/29/2017,twitter,"1	"
5/30/2017,twitter,"2	"
5/31/2017,twitter,"5	"
6/1/2017,twitter,"3	"
6/2/2017,twitter,"8	"
6/3/2017,twitter,"3	"
6/4/2017,twitter,"2	"
6/5/2017,twitter,"20	"
6/6/2017,twitter,"5	"
6/7/2017,twitter,"1	"
6/8/2017,twitter,"4	"
6/9/2017,twitter,"1	"
6/11/2017,twitter,"5	"
6/12/2017,twitter,"5	"
6/13/2017,twitter,"2	"
6/15/2017,twitter,"4	"
6/16/2017,twitter,"1	"
6/17/2017,twitter,"1	"
6/18/2017,twitter,"17	"
6/19/2017,twitter,"11	"
6/20/2017,twitter,"2	"
6/21/2017,twitter,"6	"
6/22/2017,twitter,"1	"
6/23/2017,twitter,"1	"
6/24/2017,twitter,"7	"
6/25/2017,twitter,"5	"
6/27/2017,twitter,"1	"
6/29/2017,twitter,"11	"
7/1/2017,twitter,"1	"
7/2/2017,twitter,"7	"
7/3/2017,twitter,"5	"
7/4/2017,twitter,"4	"
7/6/2017,twitter,"4	"
7/8/2017,twitter,"2	"
7/9/2017,twitter,"4	"
7/10/2017,twitter,"2	"
7/11/2017,twitter,"2	"
7/12/2017,twitter,"30	"
7/13/2017,twitter,"544	"
7/14/2017,twitter,"28	"
7/15/2017,twitter,"8	"
7/16/2017,twitter,"2	"
7/17/2017,twitter,"12	"
7/18/2017,twitter,"2	"
7/19/2017,twitter,"11	"
7/20/2017,twitter,"17	"
7/21/2017,twitter,"6	"
7/22/2017,twitter,"6	"
7/24/2017,twitter,"2	"
7/25/2017,twitter,"2	"
7/26/2017,twitter,"2	"
7/28/2017,twitter,"4	"
7/29/2017,twitter,"4	"
7/30/2017,twitter,"13	"
7/31/2017,twitter,"7	"
8/1/2017,twitter,"38	"
8/2/2017,twitter,"29	"
8/3/2017,twitter,"3	"
8/4/2017,twitter,"14	"
8/5/2017,twitter,"4	"
8/6/2017,twitter,"4	"
8/7/2017,twitter,"12	"
8/8/2017,twitter,"16	"
8/9/2017,twitter,"13	"
8/10/2017,twitter,"5	"
8/11/2017,twitter,"5	"
8/13/2017,twitter,"24	"
8/14/2017,twitter,"3	"
8/16/2017,twitter,"12	"
8/17/2017,twitter,"47	"
8/18/2017,twitter,"8	"
8/19/2017,twitter,"3	"
8/21/2017,twitter,"1	"
8/23/2017,twitter,"2	"
8/25/2017,twitter,"2	"
8/26/2017,twitter,"1	"
8/27/2017,twitter,"9	"
8/28/2017,twitter,"2	"
8/29/2017,twitter,"14	"
8/30/2017,twitter,"7	"
9/1/2017,twitter,"2	"
9/2/2017,twitter,"3	"
9/3/2017,twitter,"2	"
9/4/2017,twitter,"2	"
9/6/2017,twitter,"4	"
9/7/2017,twitter,"1	"
9/8/2017,twitter,"1	"
9/9/2017,twitter,"7	"
9/11/2017,twitter,"7	"
9/12/2017,twitter,"3	"
9/13/2017,twitter,"2	"
9/14/2017,twitter,"18	"
9/15/2017,twitter,"2	"
9/17/2017,twitter,"1	"
9/19/2017,twitter,"4	"
9/20/2017,twitter,"2	"
9/22/2017,twitter,"3	"
9/24/2017,twitter,"1	"
9/25/2017,twitter,"1	"
9/27/2017,twitter,"11	"
9/28/2017,twitter,"4	"
9/30/2017,twitter,"1	"
10/1/2017,twitter,"2	"
10/3/2017,twitter,"1	"
10/4/2017,twitter,"1	"
10/5/2017,twitter,"1	"
10/6/2017,twitter,"4	"
10/16/2017,twitter,"3	"
10/17/2017,twitter,"5	"
10/18/2017,twitter,"1	"
10/19/2017,twitter,"3	"
10/20/2017,twitter,"4	"
10/21/2017,twitter,"4	"
10/22/2017,twitter,"3	"
10/23/2017,twitter,"2	"
10/25/2017,twitter,"7	"
10/27/2017,twitter,"1	"
10/28/2017,twitter,"1	"
10/29/2017,twitter,"2	"
10/30/2017,twitter,"1	"
11/1/2017,twitter,"36	"
11/2/2017,twitter,"33	"
11/3/2017,twitter,"2	"
11/4/2017,twitter,"10	"
11/5/2017,twitter,"3	"
11/6/2017,twitter,"22	"
11/7/2017,twitter,"1	"
11/8/2017,twitter,"4	"
11/9/2017,twitter,"27	"
11/10/2017,twitter,"11	"
11/11/2017,twitter,"12	"
11/12/2017,twitter,"1	"
11/13/2017,twitter,"1	"
11/14/2017,twitter,"3	"
11/15/2017,twitter,"1	"
11/16/2017,twitter,"1	"
11/17/2017,twitter,"1	"
11/18/2017,twitter,"5	"
11/19/2017,twitter,"7	"
11/21/2017,twitter,"7	"
11/22/2017,twitter,"3	"
11/23/2017,twitter,"5	"
11/24/2017,twitter,"3	"
11/25/2017,twitter,"3	"
11/26/2017,twitter,"1	"
11/28/2017,twitter,"1	"
11/29/2017,twitter,"3	"
11/30/2017,twitter,"4	"
12/1/2017,twitter,"1	"
12/2/2017,twitter,"1	"
12/3/2017,twitter,"3	"
12/4/2017,twitter,"3	"
12/10/2017,twitter,"4	"
12/12/2017,twitter,"22	"
12/13/2017,twitter,"2	"
12/16/2017,twitter,"1	"
12/20/2017,twitter,"5	"
12/22/2017,twitter,"2	"
12/24/2017,twitter,"1	"
12/26/2017,twitter,"1	"
12/29/2017,twitter,"1	"
12/30/2017,twitter,"2	"
1/2/2018,twitter,"2	"
1/6/2018,twitter,"1	"
1/7/2018,twitter,"10	"
1/8/2018,twitter,"5	"
1/9/2018,twitter,"42	"
1/10/2018,twitter,"3	"
1/11/2018,twitter,"77	"
1/12/2018,twitter,"30	"
1/13/2018,twitter,"5	"
1/15/2018,twitter,"2	"
1/16/2018,twitter,"2	"
1/18/2018,twitter,"2	"
1/20/2018,twitter,"3	"
1/22/2018,twitter,"7	"
1/30/2018,twitter,"5	"
1/31/2018,twitter,"1	"
2/3/2018,twitter,"3	"
2/5/2018,twitter,"2	"
2/6/2018,twitter,"1	"
2/9/2018,twitter,"13	"
2/10/2018,twitter,"7	"
2/11/2018,twitter,"2	"
2/13/2018,twitter,"1	"
2/18/2018,twitter,"1	"
2/21/2018,twitter,"6	"
2/22/2018,twitter,"2	"
2/23/2018,twitter,"1	"
2/28/2018,twitter,"9	"
3/2/2018,twitter,"3	"
3/4/2018,twitter,"9	"
3/5/2018,twitter,"1	"
3/6/2018,twitter,"1	"
3/9/2018,twitter,"3	"
3/11/2018,twitter,"2	"
3/13/2018,twitter,"6	"
3/14/2018,twitter,"5	"
3/16/2018,twitter,"4	"
3/17/2018,twitter,"4	"
3/19/2018,twitter,"2	"
3/20/2018,twitter,"3	"
3/23/2018,twitter,"1	"
3/24/2018,twitter,"2	"
3/25/2018,twitter,"3	"
3/27/2018,twitter,"2	"
3/30/2018,twitter,"1	"
3/31/2018,twitter,"1	"
4/1/2018,twitter,"1	"
4/2/2018,twitter,"2	"
4/4/2018,twitter,"4	"
4/5/2018,twitter,"1	"
4/7/2018,twitter,"3	"
4/9/2018,twitter,"8	"
4/10/2018,twitter,"1	"
4/13/2018,twitter,"6	"
4/20/2018,twitter,"6	"
4/21/2018,twitter,"12	"
4/22/2018,twitter,"2	"
4/23/2018,twitter,"3	"
4/25/2018,twitter,"5	"
4/27/2018,twitter,"2	"
4/28/2018,twitter,"19	"
4/29/2018,twitter,"3	"
4/30/2018,twitter,"1	"
5/5/2018,twitter,"4	"
5/14/2018,twitter,"11	"
5/15/2018,twitter,"8	"
5/17/2018,twitter,"8	"
5/18/2018,twitter,"3	"
5/20/2018,twitter,"2	"
5/24/2018,twitter,"9	"
5/25/2018,twitter,"2	"
5/27/2018,twitter,"2	"
5/29/2018,twitter,"2	"
5/30/2018,twitter,"13	"
6/1/2018,twitter,"2	"
6/2/2018,twitter,"1	"
6/3/2018,twitter,"2	"
6/5/2018,twitter,"3	"
6/6/2018,twitter,"2	"
6/8/2018,twitter,"1	"
6/11/2018,twitter,"13	"
6/12/2018,twitter,"2	"
6/14/2018,twitter,"1	"
6/15/2018,twitter,"1	"
6/16/2018,twitter,"2	"
6/17/2018,twitter,"2	"
6/19/2018,twitter,"2	"
6/22/2018,twitter,"2	"
6/23/2018,twitter,"1	"
6/24/2018,twitter,"2	"
6/25/2018,twitter,"4	"
6/26/2018,twitter,"2	"
6/29/2018,twitter,"8	"
6/30/2018,twitter,"1	"
7/1/2018,twitter,"3	"
7/2/2018,twitter,"2	"
7/3/2018,twitter,"4	"
7/4/2018,twitter,"1	"
7/5/2018,twitter,"3	"
7/6/2018,twitter,"1	"
7/7/2018,twitter,"1	"
7/10/2018,twitter,"2	"
7/12/2018,twitter,"35	"
7/13/2018,twitter,"150	"
7/14/2018,twitter,"51	"
7/15/2018,twitter,"6	"
7/27/2018,twitter,"2	"
7/28/2018,twitter,"1	"
7/31/2018,twitter,"2	"
8/1/2018,twitter,"2	"
8/2/2018,twitter,"1	"
8/3/2018,twitter,"1	"
8/4/2018,twitter,"2	"
8/5/2018,twitter,"5	"
8/6/2018,twitter,"2	"
8/7/2018,twitter,"4	"
8/8/2018,twitter,"15	"
8/9/2018,twitter,"2	"
8/11/2018,twitter,"11	"
8/12/2018,twitter,"5	"
8/13/2018,twitter,"13	"
8/14/2018,twitter,"2	"
8/15/2018,twitter,"3	"
8/16/2018,twitter,"3	"
8/17/2018,twitter,"5	"
8/18/2018,twitter,"16	"
8/19/2018,twitter,"1	"
8/22/2018,twitter,"1	"
8/23/2018,twitter,"2	"
8/24/2018,twitter,"5	"
8/25/2018,twitter,"1	"
8/26/2018,twitter,"3	"
8/27/2018,twitter,"1	"
8/28/2018,twitter,"1	"
8/29/2018,twitter,"2	"
8/30/2018,twitter,"3	"
9/1/2018,twitter,"1	"
9/2/2018,twitter,"1	"
9/3/2018,twitter,"3	"
9/4/2018,twitter,"2	"
9/6/2018,twitter,"13	"
9/7/2018,twitter,"1	"
9/8/2018,twitter,"1	"
9/10/2018,twitter,"1	"
9/11/2018,twitter,"3	"
9/12/2018,twitter,"10	"
9/13/2018,twitter,"1	"
9/14/2018,twitter,"1	"
9/16/2018,twitter,"3	"
9/17/2018,twitter,"2	"
9/19/2018,twitter,"5	"
9/20/2018,twitter,"2	"
9/21/2018,twitter,"2	"
9/24/2018,twitter,"1	"
9/25/2018,twitter,"1	"
9/26/2018,twitter,"1	"
9/30/2018,twitter,"4	"
10/1/2018,twitter,"2	"
10/3/2018,twitter,"10	"
10/5/2018,twitter,"1	"
10/6/2018,twitter,"2	"
10/8/2018,twitter,"14	"
10/9/2018,twitter,"9	"
10/10/2018,twitter,"2	"
10/11/2018,twitter,"2	"
10/12/2018,twitter,"1	"
10/13/2018,twitter,"3	"
10/14/2018,twitter,"80	"
10/15/2018,twitter,"14	"
10/18/2018,twitter,"1	"
10/20/2018,twitter,"1	"
10/21/2018,twitter,"2	"
10/22/2018,twitter,"1	"
10/23/2018,twitter,"2	"
10/24/2018,twitter,"2	"
10/29/2018,twitter,"1	"
10/30/2018,twitter,"9	"
10/31/2018,twitter,"8	"
11/1/2018,twitter,"3	"
11/2/2018,twitter,"28	"
11/3/2018,twitter,"1	"
11/4/2018,twitter,"2	"
11/5/2018,twitter,"4	"
11/6/2018,twitter,"1	"
11/7/2018,twitter,"1	"
11/8/2018,twitter,"3	"
11/9/2018,twitter,"4	"
11/10/2018,twitter,"5	"
11/12/2018,twitter,"1	"
11/13/2018,twitter,"1	"
11/14/2018,twitter,"1	"
11/16/2018,twitter,"2	"
11/17/2018,twitter,"1	"
11/20/2018,twitter,"1	"
11/21/2018,twitter,"10	"
11/22/2018,twitter,"9	"
11/23/2018,twitter,"6	"
11/24/2018,twitter,"2	"
11/25/2018,twitter,"3	"
11/26/2018,twitter,"5	"
11/27/2018,twitter,"4	"
11/29/2018,twitter,"1	"
11/30/2018,twitter,"2	"
12/2/2018,twitter,"6	"
12/5/2018,twitter,"2	"
12/6/2018,twitter,"2	"
12/7/2018,twitter,"2	"
12/8/2018,twitter,"8	"
12/9/2018,twitter,"1	"
12/13/2018,twitter,"2	"
12/14/2018,twitter,"26	"
12/15/2018,twitter,"7	"
12/17/2018,twitter,"7	"
12/18/2018,twitter,"28	"
12/19/2018,twitter,"14	"
12/21/2018,twitter,"7	"
12/22/2018,twitter,"1	"
12/24/2018,twitter,"1	"
12/28/2018,twitter,"3	"
1/2/2019,twitter,"2	"
1/3/2019,twitter,"6	"
1/4/2019,twitter,"6	"
1/7/2019,twitter,"1	"
1/10/2019,twitter,"1	"
1/11/2019,twitter,"2	"
1/12/2019,twitter,"1	"
1/14/2019,twitter,"1	"
1/15/2019,twitter,"4	"
1/16/2019,twitter,"1	"
1/17/2019,twitter,"4	"
1/21/2019,twitter,"2	"
1/22/2019,twitter,"73	"
1/23/2019,twitter,"7	"
1/24/2019,twitter,"2	"
1/25/2019,twitter,"21	"
1/26/2019,twitter,"9	"
1/27/2019,twitter,"22	"
1/28/2019,twitter,"3	"
1/29/2019,twitter,"62	"
1/30/2019,twitter,"29	"
2/1/2019,twitter,"1	"
2/2/2019,twitter,"1	"
2/4/2019,twitter,"7	"
2/5/2019,twitter,"3	"
2/6/2019,twitter,"21	"
2/7/2019,twitter,"11	"
2/8/2019,twitter,"2	"
2/11/2019,twitter,"36	"
2/12/2019,twitter,"2	"
2/13/2019,twitter,"1	"
2/15/2019,twitter,"1	"
2/16/2019,twitter,"2	"
2/18/2019,twitter,"37	"
2/19/2019,twitter,"7	"
2/20/2019,twitter,"1	"
2/21/2019,twitter,"5	"
2/22/2019,twitter,"2	"
2/24/2019,twitter,"1	"
2/25/2019,twitter,"1	"
2/26/2019,twitter,"1	"
2/27/2019,twitter,"17	"
2/28/2019,twitter,"5	"
3/1/2019,twitter,"20	"
3/2/2019,twitter,"16	"
3/3/2019,twitter,"4	"
3/4/2019,twitter,"17	"
3/5/2019,twitter,"12	"
3/6/2019,twitter,"16	"
3/7/2019,twitter,"20	"
3/8/2019,twitter,"18	"
3/9/2019,twitter,"16	"
3/10/2019,twitter,"34	"
3/11/2019,twitter,"37	"
3/12/2019,twitter,"338	"
3/13/2019,twitter,"58	"
3/14/2019,twitter,"26	"
3/15/2019,twitter,"37	"
3/16/2019,twitter,"33	"
3/17/2019,twitter,"101	"
3/18/2019,twitter,"29	"
3/19/2019,twitter,"40	"
3/20/2019,twitter,"5	"
3/21/2019,twitter,"114	"
3/22/2019,twitter,"20	"
3/23/2019,twitter,"12	"
3/24/2019,twitter,"85	"
3/25/2019,twitter,"10	"
3/26/2019,twitter,"3	"
3/27/2019,twitter,"2	"
3/28/2019,twitter,"1	"
3/29/2019,twitter,"1	"
3/30/2019,twitter,"5	"
3/31/2019,twitter,"6	"
4/1/2019,twitter,"26	"
4/2/2019,twitter,"78	"
4/3/2019,twitter,"17	"
4/4/2019,twitter,"4	"
4/5/2019,twitter,"2	"
4/6/2019,twitter,"1	"
4/7/2019,twitter,"2	"
4/8/2019,twitter,"1	"
4/9/2019,twitter,"3	"
4/10/2019,twitter,"5	"
4/11/2019,twitter,"1	"
4/12/2019,twitter,"1	"
4/13/2019,twitter,"1	"
4/15/2019,twitter,"3	"
4/16/2019,twitter,"1	"
4/17/2019,twitter,"17	"
4/20/2019,twitter,"1	"
4/21/2019,twitter,"5	"
4/22/2019,twitter,"8	"
4/23/2019,twitter,"2	"
4/24/2019,twitter,"5	"
4/25/2019,twitter,"3	"
4/26/2019,twitter,"6	"
4/27/2019,twitter,"1	"
4/29/2019,twitter,"1	"
4/30/2019,twitter,"7	"
5/1/2019,twitter,"4	"
5/2/2019,twitter,"1	"
5/5/2019,twitter,"3	"
5/6/2019,twitter,"4	"
5/12/2019,twitter,"4	"
5/14/2019,twitter,"5	"
5/17/2019,twitter,"1	"
5/19/2019,twitter,"67	"
5/20/2019,twitter,"24	"
5/21/2019,twitter,"14	"
5/22/2019,twitter,"2	"
5/23/2019,twitter,"1	"
5/26/2019,twitter,"2	"
5/27/2019,twitter,"20	"
5/28/2019,twitter,"1	"
5/30/2019,twitter,"1	"
5/31/2019,twitter,"1	"
6/2/2019,twitter,"2	"
6/3/2019,twitter,"1	"
6/4/2019,twitter,"3	"
6/5/2019,twitter,"2	"
6/8/2019,twitter,"1	"
6/10/2019,twitter,"1	"
6/12/2019,twitter,"6	"
6/13/2019,twitter,"1	"
6/17/2019,twitter,"1	"
6/18/2019,twitter,"7	"
6/19/2019,twitter,"4	"
6/20/2019,twitter,"3	"
6/21/2019,twitter,"1	"
6/22/2019,twitter,"1	"
6/24/2019,twitter,"3	"
6/25/2019,twitter,"1	"
6/26/2019,twitter,"2	"
6/28/2019,twitter,"1	"
6/29/2019,twitter,"19	"
6/30/2019,twitter,"13	"
7/1/2019,twitter,"17	"
7/2/2019,twitter,"4	"
7/3/2019,twitter,"6	"
7/4/2019,twitter,"3	"
7/5/2019,twitter,"1	"
7/6/2019,twitter,"1	"
7/7/2019,twitter,"2	"
7/8/2019,twitter,"24	"
7/9/2019,twitter,"3	"
7/10/2019,twitter,"7	"
7/11/2019,twitter,"6	"
7/12/2019,twitter,"7	"
7/13/2019,twitter,"154	"
7/14/2019,twitter,"84	"
7/15/2019,twitter,"14	"
7/16/2019,twitter,"8	"
7/17/2019,twitter,"4	"
7/18/2019,twitter,"6	"
7/19/2019,twitter,"2	"
7/20/2019,twitter,"1	"
7/22/2019,twitter,"11	"
7/23/2019,twitter,"5	"
7/24/2019,twitter,"3	"
7/26/2019,twitter,"9	"
7/27/2019,twitter,"4	"
7/28/2019,twitter,"5	"
7/29/2019,twitter,"9	"
7/31/2019,twitter,"9	"
8/1/2019,twitter,"1	"
8/2/2019,twitter,"5	"
8/3/2019,twitter,"13	"
8/4/2019,twitter,"3	"
8/5/2019,twitter,"5	"
8/6/2019,twitter,"5	"
8/7/2019,twitter,"4	"
8/8/2019,twitter,"16	"
8/9/2019,twitter,"4	"
8/10/2019,twitter,"4	"
8/12/2019,twitter,"12	"
8/13/2019,twitter,"3	"
8/14/2019,twitter,"3	"
8/15/2019,twitter,"1	"
8/17/2019,twitter,"1	"
8/19/2019,twitter,"2	"
8/20/2019,twitter,"9	"
8/21/2019,twitter,"1	"
8/22/2019,twitter,"4	"
8/23/2019,twitter,"1	"
8/24/2019,twitter,"4	"
8/25/2019,twitter,"1	"
8/26/2019,twitter,"14	"
8/27/2019,twitter,"3	"
8/30/2019,twitter,"6	"
8/31/2019,twitter,"66	"
9/1/2019,twitter,"208	"
9/2/2019,twitter,"85	"
9/3/2019,twitter,"14	"
9/4/2019,twitter,"15	"
9/5/2019,twitter,"1	"
9/6/2019,twitter,"4	"
9/7/2019,twitter,"4	"
9/8/2019,twitter,"3	"
9/9/2019,twitter,"4	"
9/11/2019,twitter,"1	"
9/12/2019,twitter,"7	"
9/13/2019,twitter,"13	"
9/14/2019,twitter,"29	"
9/15/2019,twitter,"6	"
9/16/2019,twitter,"37	"
9/17/2019,twitter,"12	"
9/18/2019,twitter,"9	"
9/19/2019,twitter,"11	"
9/20/2019,twitter,"18	"
9/23/2019,twitter,"10	"
9/24/2019,twitter,"6	"
9/25/2019,twitter,"1	"
9/26/2019,twitter,"2	"
9/27/2019,twitter,"10	"
9/28/2019,twitter,"1	"
9/29/2019,twitter,"17	"
9/30/2019,twitter,"5	"
10/1/2019,twitter,"2	"
10/2/2019,twitter,"4	"
10/3/2019,twitter,"9	"
10/4/2019,twitter,"8	"
10/5/2019,twitter,"8	"
10/6/2019,twitter,"14	"
10/7/2019,twitter,"47	"
10/9/2019,twitter,"14	"
10/11/2019,twitter,"30	"
10/13/2019,twitter,"1	"
10/14/2019,twitter,"11	"
10/15/2019,twitter,"3	"
10/16/2019,twitter,"54	"
10/17/2019,twitter,"1	"
10/18/2019,twitter,"24	"
10/19/2019,twitter,"25	"
10/20/2019,twitter,"11	"
10/21/2019,twitter,"18	"
10/22/2019,twitter,"8	"
10/23/2019,twitter,"3	"
10/24/2019,twitter,"5	"
10/25/2019,twitter,"13	"
10/26/2019,twitter,"43	"
10/27/2019,twitter,"49	"
10/28/2019,twitter,"9	"
10/29/2019,twitter,"5	"
10/30/2019,twitter,"10	"
10/31/2019,twitter,"19	"
11/1/2019,twitter,"12	"
11/2/2019,twitter,"6	"
11/3/2019,twitter,"13	"
11/4/2019,twitter,"2	"
11/5/2019,twitter,"12	"
11/6/2019,twitter,"11	"
11/7/2019,twitter,"3	"
11/8/2019,twitter,"24	"
11/10/2019,twitter,"1	"
11/11/2019,twitter,"9	"
11/12/2019,twitter,"2	"
11/13/2019,twitter,"13	"
11/14/2019,twitter,"12	"
11/15/2019,twitter,"39	"
11/16/2019,twitter,"5	"
11/17/2019,twitter,"2	"
11/18/2019,twitter,"17	"
11/19/2019,twitter,"3	"
11/20/2019,twitter,"12	"
11/21/2019,twitter,"6	"
11/22/2019,twitter,"2	"
11/23/2019,twitter,"25	"
11/24/2019,twitter,"6	"
11/25/2019,twitter,"4	"
11/26/2019,twitter,"9	"
11/27/2019,twitter,"2	"
11/28/2019,twitter,"4	"
11/29/2019,twitter,"2	"
12/1/2019,twitter,"1	"
12/2/2019,twitter,"2	"
12/3/2019,twitter,"12	"
12/4/2019,twitter,"6	"
12/5/2019,twitter,"21	"
12/6/2019,twitter,"60	"
12/7/2019,twitter,"27	"
12/8/2019,twitter,"8	"
12/9/2019,twitter,"1	"
12/11/2019,twitter,"6	"
12/12/2019,twitter,"9	"
12/13/2019,twitter,"2	"
12/14/2019,twitter,"37	"
12/15/2019,twitter,"131	"
12/16/2019,twitter,"52	"
12/17/2019,twitter,"3	"
12/18/2019,twitter,"2	"
12/20/2019,twitter,"9	"
12/21/2019,twitter,"3	"
12/23/2019,twitter,"11	"
12/24/2019,twitter,"13	"
12/25/2019,twitter,"11	"
12/26/2019,twitter,"8	"
12/27/2019,twitter,"4	"
12/28/2019,twitter,"1	"
12/29/2019,twitter,"2	"
12/30/2019,twitter,"14	"
12/31/2019,twitter,"2	"
1/2/2020,twitter,"2	"
1/3/2020,twitter,"2	"
1/4/2020,twitter,"7	"
1/5/2020,twitter,"8	"
1/6/2020,twitter,"1	"
1/7/2020,twitter,"6	"
1/8/2020,twitter,"3	"
1/9/2020,twitter,"1	"
1/10/2020,twitter,"7	"
1/11/2020,twitter,"13	"
1/12/2020,twitter,"4	"
1/13/2020,twitter,"9	"
1/14/2020,twitter,"24	"
1/15/2020,twitter,"3	"
1/16/2020,twitter,"4	"
1/17/2020,twitter,"16	"
1/19/2020,twitter,"1	"
1/20/2020,twitter,"3	"
1/22/2020,twitter,"4	"
1/23/2020,twitter,"1	"
1/24/2020,twitter,"9	"
1/25/2020,twitter,"6	"
1/26/2020,twitter,"3	"
1/27/2020,twitter,"3	"
1/28/2020,twitter,"3	"
1/29/2020,twitter,"2	"
1/31/2020,twitter,"3	"
2/1/2020,twitter,"7	"
2/3/2020,twitter,"5	"
2/4/2020,twitter,"2	"
2/5/2020,twitter,"234	"
2/6/2020,twitter,"3	"
2/7/2020,twitter,"2	"
2/8/2020,twitter,"6	"
2/9/2020,twitter,"5	"
2/10/2020,twitter,"1	"
2/11/2020,twitter,"21	"
2/12/2020,twitter,"17	"
2/13/2020,twitter,"2	"
2/14/2020,twitter,"5	"
2/19/2020,twitter,"5	"
2/20/2020,twitter,"3	"
2/21/2020,twitter,"1	"
2/22/2020,twitter,"3	"
2/23/2020,twitter,"1	"
2/24/2020,twitter,"62	"
2/25/2020,twitter,"1	"
2/26/2020,twitter,"4	"
2/27/2020,twitter,"1	"
2/28/2020,twitter,"1	"
2/29/2020,twitter,"2	"
3/1/2020,twitter,"40	"
3/2/2020,twitter,"44	"
3/3/2020,twitter,"6	"
3/4/2020,twitter,"2	"
3/5/2020,twitter,"4	"
3/6/2020,twitter,"2	"
3/7/2020,twitter,"1	"
3/8/2020,twitter,"3	"
3/10/2020,twitter,"1	"
3/11/2020,twitter,"23	"
3/12/2020,twitter,"20	"
3/13/2020,twitter,"9	"
3/14/2020,twitter,"11	"
3/15/2020,twitter,"7	"
3/16/2020,twitter,"11	"
3/17/2020,twitter,"4	"
3/18/2020,twitter,"22	"
3/19/2020,twitter,"15	"
3/20/2020,twitter,"5	"
3/21/2020,twitter,"1	"
3/22/2020,twitter,"504	"
3/23/2020,twitter,"48	"
3/24/2020,twitter,"358	"
3/25/2020,twitter,"11	"
3/26/2020,twitter,"13	"
3/27/2020,twitter,"490	"
3/28/2020,twitter,"93	"
3/29/2020,twitter,"19	"
3/30/2020,twitter,"11	"
3/31/2020,twitter,"21	"
4/1/2020,twitter,"10	"
4/2/2020,twitter,"8	"
4/3/2020,twitter,"1	"
4/4/2020,twitter,"7	"
4/5/2020,twitter,"3	"
4/6/2020,twitter,"3	"
4/7/2020,twitter,"4	"
4/8/2020,twitter,"14	"
4/9/2020,twitter,"7	"
4/10/2020,twitter,"1	"
4/12/2020,twitter,"149	"
4/13/2020,twitter,"162	"
4/14/2020,twitter,"28	"
4/15/2020,twitter,"5	"
4/16/2020,twitter,"4	"
4/18/2020,twitter,"13	"
4/19/2020,twitter,"8	"
4/20/2020,twitter,"8	"
4/22/2020,twitter,"513	"
4/23/2020,twitter,"221	"
4/24/2020,twitter,"17	"
4/25/2020,twitter,"15	"
4/26/2020,twitter,"4	"
4/27/2020,twitter,"5	"
4/28/2020,twitter,"8	"
4/29/2020,twitter,"2	"
4/30/2020,twitter,"3	"
5/1/2020,twitter,"4	"
5/2/2020,twitter,"8	"
5/3/2020,twitter,"24	"
5/4/2020,twitter,"11	"
5/5/2020,twitter,"6	"
5/6/2020,twitter,"3	"
5/7/2020,twitter,"7	"
5/8/2020,twitter,"6	"
5/9/2020,twitter,"3	"
5/10/2020,twitter,"5	"
5/11/2020,twitter,"5	"
5/12/2020,twitter,"3	"
5/13/2020,twitter,"4	"
5/14/2020,twitter,"7	"
5/15/2020,twitter,"7	"
5/16/2020,twitter,"11	"
5/17/2020,twitter,"58	"
5/18/2020,twitter,"9	"
5/19/2020,twitter,"10	"
5/20/2020,twitter,"4	"
5/21/2020,twitter,"108	"
5/22/2020,twitter,"32	"
5/23/2020,twitter,"728	"
5/24/2020,twitter,"22	"
5/26/2020,twitter,"2	"
5/29/2020,twitter,"1	"
5/30/2020,twitter,"12	"
5/31/2020,twitter,"13	"
6/2/2020,twitter,"5	"
6/3/2020,twitter,"2	"
6/6/2020,twitter,"15	"
6/8/2020,twitter,"23	"
6/9/2020,twitter,"24	"
6/10/2020,twitter,"20	"
6/13/2020,twitter,"4	"
6/14/2020,twitter,"12	"
6/16/2020,twitter,"4	"
6/17/2020,twitter,"6	"
6/18/2020,twitter,"2	"
6/20/2020,twitter,"15	"
6/21/2020,twitter,"8	"
6/22/2020,twitter,"2	"
6/27/2020,twitter,"2	"
6/28/2020,twitter,"3	"
6/29/2020,twitter,"1	"
6/30/2020,twitter,"1	"
7/1/2020,twitter,"4	"
7/4/2020,twitter,"5	"
7/5/2020,twitter,"3	"
7/6/2020,twitter,"129	"
7/7/2020,twitter,"33	"
7/8/2020,twitter,"4	"
7/9/2020,twitter,"3	"
7/10/2020,twitter,"3	"
7/11/2020,twitter,"3	"
7/12/2020,twitter,"9	"
7/13/2020,twitter,"179	"
7/14/2020,twitter,"21	"
7/15/2020,twitter,"130	"
7/16/2020,twitter,"12	"
7/17/2020,twitter,"7	"
7/18/2020,twitter,"71	"
7/19/2020,twitter,"7	"
7/20/2020,twitter,"3	"
7/21/2020,twitter,"1	"
7/25/2020,twitter,"5	"
7/26/2020,twitter,"3	"
7/27/2020,twitter,"1	"
7/28/2020,twitter,"1	"
7/29/2020,twitter,"10	"
7/31/2020,twitter,"2	"
8/2/2020,twitter,"5	"
8/6/2020,twitter,"1	"
8/8/2020,twitter,"6	"
8/9/2020,twitter,"2	"
8/10/2020,twitter,"27	"
8/11/2020,twitter,"4	"
8/12/2020,twitter,"1	"
8/15/2020,twitter,"1	"
8/17/2020,twitter,"3	"
8/18/2020,twitter,"1	"
8/19/2020,twitter,"9	"
8/20/2020,twitter,"8	"
8/21/2020,twitter,"3	"
8/22/2020,twitter,"5	"
8/23/2020,twitter,"29	"
8/24/2020,twitter,"7	"
8/31/2020,twitter,"9	"
9/2/2020,twitter,"1	"
9/3/2020,twitter,"1	"
9/4/2020,twitter,"2	"
9/8/2020,twitter,"1	"
9/12/2020,twitter,"1	"
9/14/2020,twitter,"1	"
9/17/2020,twitter,"4	"
9/26/2020,twitter,"1	"
9/27/2020,twitter,"44	"
9/28/2020,twitter,"45	"
9/29/2020,twitter,"11	"
9/30/2020,twitter,"1	"
10/1/2020,twitter,"1	"
10/2/2020,twitter,"11	"
10/3/2020,twitter,"1	"
10/4/2020,twitter,"8	"
10/5/2020,twitter,"9	"
10/6/2020,twitter,"7	"
10/8/2020,twitter,"1	"
10/9/2020,twitter,"123	"
10/10/2020,twitter,"21	"
10/11/2020,twitter,"2	"
10/12/2020,twitter,"1	"
10/13/2020,twitter,"1	"
10/14/2020,twitter,"2	"
10/15/2020,twitter,"8	"
10/16/2020,twitter,"1	"
10/17/2020,twitter,"3	"
10/19/2020,twitter,"31	"
10/20/2020,twitter,"8	"
10/21/2020,twitter,"3	"
10/22/2020,twitter,"2	"
10/23/2020,twitter,"18	"
10/24/2020,twitter,"1	"
10/25/2020,twitter,"6	"
10/26/2020,twitter,"12	"
10/27/2020,twitter,"4	"
10/29/2020,twitter,"12	"
10/30/2020,twitter,"2	"
10/31/2020,twitter,"1	"
11/1/2020,twitter,"1	"
11/2/2020,twitter,"5	"
11/3/2020,twitter,"1	"
11/4/2020,twitter,"3	"
11/5/2020,twitter,"8	"
11/6/2020,twitter,"56	"
11/10/2020,twitter,"1	"
11/12/2020,twitter,"35	"
11/13/2020,twitter,"40	"
11/14/2020,twitter,"1	"
11/15/2020,twitter,"6	"
11/16/2020,twitter,"7	"
11/17/2020,twitter,"5	"
11/19/2020,twitter,"4	"
11/21/2020,instagram,"1	"
11/21/2020,twitter,"8	"
11/22/2020,instagram,"1	"
11/23/2020,twitter,"8	"
11/24/2020,twitter,"46	"
11/25/2020,twitter,"15	"
11/26/2020,instagram,"12	"
11/26/2020,twitter,"7	"
11/27/2020,twitter,"2	"
11/28/2020,twitter,"1	"
11/30/2020,twitter,"4	"
12/1/2020,instagram,"2	"
12/1/2020,twitter,"1	"
12/2/2020,twitter,"2	"
12/3/2020,twitter,"8	"
12/4/2020,twitter,"5	"
12/5/2020,twitter,"1	"
12/8/2020,twitter,"2	"
12/10/2020,instagram,"9	"
12/11/2020,instagram,"2	"
12/12/2020,instagram,"2	"
12/12/2020,twitter,"4	"
12/13/2020,twitter,"7	"
12/15/2020,instagram,"3	"
12/15/2020,twitter,"4	"
12/18/2020,instagram,"4	"
12/19/2020,twitter,"4	"
12/20/2020,twitter,"1	"
12/22/2020,instagram,"3	"
12/23/2020,instagram,"12	"
12/24/2020,instagram,"6	"
12/24/2020,twitter,"6	"
12/25/2020,twitter,"5	"
12/28/2020,twitter,"1	"
12/30/2020,twitter,"22	"
12/31/2020,twitter,"1	"
1/1/2021,facebook,"1	"
1/1/2021,instagram,"3	"
1/1/2021,twitter,"11	"
1/2/2021,facebook,"1	"
1/2/2021,instagram,"3	"
1/2/2021,twitter,"41	"
1/3/2021,twitter,"36	"
1/4/2021,facebook,"2	"
1/4/2021,instagram,"10	"
1/4/2021,twitter,"3	"
1/4/2021,youtube,"1	"
1/5/2021,facebook,"1	"
1/5/2021,instagram,"3	"
1/5/2021,twitter,"1	"
1/6/2021,facebook,"2	"
1/6/2021,instagram,"8	"
1/6/2021,twitter,"3	"
1/7/2021,facebook,"3	"
1/7/2021,instagram,"23	"
1/7/2021,twitter,"5	"
1/8/2021,facebook,"2	"
1/8/2021,instagram,"14	"
1/8/2021,twitter,"3	"
1/8/2021,youtube,"1	"
1/9/2021,instagram,"3	"
1/9/2021,twitter,"1	"
1/10/2021,facebook,"1	"
1/10/2021,instagram,"4	"
1/10/2021,twitter,"5	"
1/11/2021,facebook,"1	"
1/11/2021,instagram,"5	"
1/11/2021,twitter,"2	"
1/11/2021,youtube,"1	"
1/12/2021,instagram,"3	"
1/13/2021,facebook,"3	"
1/13/2021,instagram,"21	"
1/13/2021,twitter,"5	"
1/13/2021,youtube,"1	"
1/14/2021,instagram,"8	"
1/15/2021,facebook,"3	"
1/15/2021,instagram,"25	"
1/15/2021,twitter,"7	"
1/16/2021,instagram,"85	"
1/16/2021,twitter,"1	"
1/17/2021,instagram,"24	"
1/18/2021,facebook,"4	"
1/18/2021,instagram,"28	"
1/18/2021,twitter,"7	"
1/18/2021,youtube,"2	"
1/19/2021,facebook,"4	"
1/19/2021,instagram,"16	"
1/19/2021,twitter,"24	"
1/20/2021,facebook,"2	"
1/20/2021,instagram,"8	"
1/20/2021,twitter,"6	"
1/21/2021,facebook,"1	"
1/21/2021,instagram,"6	"
1/21/2021,twitter,"13	"
1/22/2021,instagram,"1	"
1/25/2021,facebook,"1	"
1/25/2021,instagram,"3	"
1/25/2021,twitter,"1	"
1/25/2021,youtube,"1	"
1/26/2021,facebook,"3	"
1/26/2021,instagram,"9	"
1/26/2021,twitter,"5	"
1/27/2021,facebook,"3	"
1/27/2021,instagram,"17	"
1/27/2021,twitter,"6	"
1/27/2021,youtube,"1	"
1/28/2021,facebook,"1	"
1/28/2021,instagram,"3	"
1/28/2021,twitter,"4	"
1/29/2021,twitter,"3	"
1/30/2021,facebook,"1	"
1/30/2021,instagram,"4	"
1/30/2021,twitter,"1	"
1/31/2021,facebook,"1	"
1/31/2021,instagram,"29	"
1/31/2021,twitter,"7	"
2/1/2021,facebook,"5	"
2/1/2021,instagram,"16	"
2/1/2021,twitter,"3	"
2/1/2021,youtube,"3	"
2/2/2021,facebook,"2	"
2/2/2021,instagram,"4	"
2/2/2021,twitter,"3	"
2/2/2021,youtube,"1	"
2/4/2021,facebook,"2	"
2/4/2021,instagram,"4	"
2/4/2021,twitter,"2	"
2/5/2021,facebook,"5	"
2/5/2021,instagram,"11	"
2/5/2021,twitter,"185	"
2/6/2021,instagram,"2	"
2/6/2021,twitter,"17	"
2/7/2021,facebook,"1	"
2/7/2021,instagram,"2	"
2/7/2021,twitter,"1	"
2/8/2021,facebook,"1	"
2/8/2021,instagram,"4	"
2/8/2021,twitter,"7	"
2/8/2021,youtube,"1	"
2/9/2021,facebook,"2	"
2/9/2021,instagram,"23	"
2/9/2021,twitter,"10	"
2/10/2021,instagram,"28	"
2/10/2021,twitter,"2	"
2/11/2021,facebook,"2	"
2/11/2021,instagram,"10	"
2/11/2021,twitter,"5	"
2/12/2021,facebook,"1	"
2/12/2021,instagram,"10	"
2/12/2021,twitter,"3	"
2/13/2021,facebook,"1	"
2/13/2021,instagram,"55	"
2/13/2021,twitter,"1	"
2/13/2021,youtube,"1	"
2/14/2021,facebook,"2	"
2/14/2021,instagram,"95	"
2/14/2021,twitter,"2	"
2/15/2021,facebook,"1	"
2/15/2021,instagram,"18	"
2/15/2021,twitter,"1	"
2/15/2021,youtube,"1	"
2/16/2021,facebook,"2	"
2/16/2021,instagram,"12	"
2/16/2021,twitter,"3	"
2/17/2021,facebook,"2	"
2/17/2021,instagram,"23	"
2/17/2021,twitter,"2	"
2/18/2021,facebook,"2	"
2/18/2021,instagram,"17	"
2/18/2021,twitter,"3	"
2/19/2021,facebook,"1	"
2/19/2021,instagram,"12	"
2/19/2021,twitter,"1	"
2/19/2021,youtube,"1	"
2/21/2021,facebook,"1	"
2/21/2021,instagram,"7	"
2/21/2021,twitter,"1	"
2/22/2021,facebook,"2	"
2/22/2021,instagram,"5	"
2/22/2021,twitter,"2	"
2/22/2021,youtube,"1	"
2/23/2021,facebook,"3	"
2/23/2021,instagram,"11	"
2/23/2021,twitter,"5	"
2/23/2021,youtube,"2	"
2/24/2021,facebook,"4	"
2/24/2021,instagram,"21	"
2/24/2021,twitter,"44	"
2/24/2021,youtube,"167	"
2/25/2021,facebook,"2	"
2/25/2021,instagram,"13	"
2/25/2021,twitter,"11	"
2/25/2021,youtube,"24	"
2/26/2021,facebook,"3	"
2/26/2021,instagram,"104	"
2/26/2021,twitter,"9	"
2/26/2021,youtube,"15	"
2/27/2021,instagram,"55	"
2/27/2021,twitter,"3	"
2/27/2021,youtube,"20	"
2/28/2021,facebook,"1	"
2/28/2021,instagram,"45	"
2/28/2021,twitter,"7	"
3/1/2021,facebook,"7	"
3/1/2021,instagram,"22	"
3/1/2021,twitter,"43	"
3/1/2021,youtube,"3	"
3/2/2021,facebook,"3	"
3/2/2021,instagram,"65	"
3/2/2021,twitter,"21	"
3/3/2021,facebook,"3	"
3/3/2021,instagram,"35	"
3/3/2021,twitter,"67	"
3/3/2021,youtube,"2	"
3/4/2021,facebook,"4	"
3/4/2021,instagram,"14	"
3/4/2021,twitter,"13	"
3/5/2021,facebook,"4	"
3/5/2021,instagram,"12	"
3/5/2021,twitter,"13	"
3/5/2021,youtube,"5	"
3/6/2021,facebook,"2	"
3/6/2021,instagram,"274	"
3/6/2021,twitter,"20	"
3/7/2021,facebook,"1	"
3/7/2021,instagram,"30	"
3/7/2021,twitter,"35	"
3/8/2021,facebook,"2	"
3/8/2021,instagram,"9	"
3/8/2021,twitter,"28	"
3/8/2021,youtube,"1	"
3/9/2021,facebook,"2	"
3/9/2021,instagram,"6	"
3/9/2021,twitter,"62	"
3/10/2021,facebook,"3	"
3/10/2021,instagram,"24	"
3/10/2021,twitter,"14	"
3/11/2021,facebook,"1	"
3/11/2021,instagram,"13	"
3/11/2021,twitter,"12	"
3/12/2021,instagram,"21	"
3/12/2021,twitter,"27	"
3/13/2021,instagram,"2	"
3/13/2021,twitter,"1	"
3/14/2021,facebook,"1	"
3/14/2021,instagram,"60	"
3/14/2021,twitter,"1	"
3/15/2021,facebook,"2	"
3/15/2021,instagram,"8	"
3/15/2021,twitter,"30	"
3/15/2021,youtube,"1	"
3/16/2021,facebook,"3	"
3/16/2021,instagram,"9	"
3/16/2021,twitter,"35	"
3/17/2021,facebook,"5	"
3/17/2021,instagram,"15	"
3/17/2021,twitter,"81	"
3/17/2021,youtube,"4	"
3/18/2021,facebook,"4	"
3/18/2021,instagram,"12	"
3/18/2021,twitter,"35	"
3/19/2021,facebook,"1	"
3/19/2021,instagram,"3	"
3/19/2021,twitter,"40	"
3/20/2021,instagram,"92	"
3/20/2021,twitter,"39	"
3/21/2021,instagram,"38	"
3/21/2021,twitter,"9	"
3/22/2021,facebook,"4	"
3/22/2021,instagram,"50	"
3/22/2021,twitter,"29	"
3/22/2021,youtube,"1	"
3/23/2021,instagram,"38	"
3/23/2021,twitter,"11	"
3/24/2021,facebook,"4	"
3/24/2021,instagram,"23	"
3/24/2021,twitter,"11	"
3/25/2021,facebook,"4	"
3/25/2021,instagram,"49	"
3/25/2021,twitter,"13	"
3/26/2021,facebook,"4	"
3/26/2021,instagram,"104	"
3/26/2021,twitter,"27	"
3/27/2021,instagram,"10	"
3/27/2021,twitter,"17	"
3/28/2021,facebook,"2	"
3/28/2021,instagram,"10	"
3/28/2021,twitter,"41	"
3/29/2021,instagram,"5	"
3/29/2021,twitter,"4	"
3/29/2021,youtube,"2	"
3/30/2021,facebook,"1	"
3/30/2021,instagram,"4	"
3/30/2021,twitter,"5	"
3/31/2021,facebook,"1	"
3/31/2021,instagram,"3	"
3/31/2021,twitter,"6	"
4/1/2021,facebook,"7	"
4/1/2021,instagram,"16	"
4/1/2021,twitter,"7	"
4/2/2021,facebook,"2	"
4/2/2021,instagram,"6	"
4/2/2021,twitter,"10	"
4/2/2021,youtube,"1	"
4/3/2021,instagram,"1	"
4/3/2021,twitter,"27	"
4/4/2021,twitter,"16	"
4/5/2021,facebook,"1	"
4/5/2021,instagram,"3	"
4/5/2021,twitter,"28	"
4/5/2021,youtube,"1	"
4/6/2021,twitter,"9	"
4/7/2021,facebook,"1	"
4/7/2021,instagram,"19	"
4/7/2021,twitter,"12	"
4/8/2021,facebook,"2	"
4/8/2021,instagram,"20	"
4/8/2021,twitter,"8	"
4/9/2021,facebook,"6	"
4/9/2021,instagram,"33	"
4/9/2021,twitter,"17	"
4/10/2021,facebook,"1	"
4/10/2021,instagram,"4	"
4/10/2021,twitter,"7	"
4/10/2021,youtube,"1	"
4/11/2021,facebook,"2	"
4/11/2021,instagram,"9	"
4/11/2021,twitter,"6	"
4/11/2021,youtube,"1	"
4/12/2021,facebook,"1	"
4/12/2021,instagram,"3	"
4/12/2021,twitter,"34	"
4/12/2021,youtube,"1	"
4/13/2021,facebook,"1	"
4/13/2021,instagram,"3	"
4/13/2021,twitter,"24	"
4/13/2021,youtube,"284	"
4/14/2021,facebook,"1	"
4/14/2021,instagram,"5	"
4/14/2021,twitter,"78	"
4/14/2021,youtube,"68	"
4/15/2021,facebook,"4	"
4/15/2021,instagram,"16	"
4/15/2021,twitter,"116	"
4/15/2021,youtube,"30	"
4/16/2021,facebook,"1	"
4/16/2021,twitter,"94	"
4/16/2021,youtube,"22	"
4/17/2021,instagram,"2	"
4/17/2021,twitter,"39	"
4/17/2021,youtube,"16	"
4/18/2021,facebook,"1	"
4/18/2021,instagram,"3	"
4/18/2021,twitter,"77	"
4/18/2021,youtube,"4	"
4/19/2021,facebook,"1	"
4/19/2021,instagram,"3	"
4/19/2021,twitter,"49	"
4/19/2021,youtube,"5	"
4/20/2021,instagram,"20	"
4/20/2021,twitter,"76	"
4/20/2021,youtube,"622	"
4/21/2021,facebook,"3	"
4/21/2021,instagram,"13	"
4/21/2021,twitter,"62	"
4/21/2021,youtube,"258	"
4/22/2021,facebook,"1	"
4/22/2021,instagram,"9	"
4/22/2021,twitter,"47	"
4/22/2021,youtube,"98	"
4/23/2021,facebook,"2	"
4/23/2021,instagram,"6	"
4/23/2021,twitter,"52	"
4/23/2021,youtube,"62	"
4/24/2021,facebook,"2	"
4/24/2021,instagram,"13	"
4/24/2021,twitter,"37	"
4/24/2021,youtube,"60	"
4/25/2021,facebook,"1	"
4/25/2021,instagram,"35	"
4/25/2021,twitter,"54	"
4/25/2021,youtube,"34	"
4/26/2021,facebook,"2	"
4/26/2021,instagram,"22	"
4/26/2021,twitter,"67	"
4/26/2021,youtube,"110	"
4/27/2021,facebook,"1	"
4/27/2021,instagram,"33	"
4/27/2021,twitter,"17	"
4/27/2021,youtube,"38	"
4/28/2021,facebook,"2	"
4/28/2021,instagram,"20	"
4/28/2021,twitter,"42	"
4/28/2021,youtube,"34	"
4/29/2021,facebook,"4	"
4/29/2021,instagram,"74	"
4/29/2021,twitter,"100	"
4/29/2021,youtube,"22	"
4/30/2021,facebook,"2	"
4/30/2021,instagram,"91	"
4/30/2021,twitter,"46	"
4/30/2021,youtube,"12	"
5/1/2021,facebook,"3	"
5/1/2021,instagram,"53	"
5/1/2021,twitter,"59	"
5/1/2021,youtube,"8	"
5/2/2021,facebook,"2	"
5/2/2021,instagram,"32	"
5/2/2021,twitter,"31	"
5/2/2021,youtube,"12	"
5/3/2021,facebook,"1	"
5/3/2021,instagram,"22	"
5/3/2021,twitter,"31	"
5/3/2021,youtube,"27	"
5/4/2021,facebook,"1	"
5/4/2021,instagram,"17	"
5/4/2021,twitter,"60	"
5/5/2021,instagram,"18	"
5/5/2021,twitter,"40	"
5/5/2021,youtube,"4	"
5/6/2021,facebook,"4	"
5/6/2021,instagram,"41	"
5/6/2021,twitter,"38	"
5/6/2021,youtube,"2	"
5/7/2021,instagram,"4	"
5/7/2021,twitter,"60	"
5/7/2021,youtube,"14	"
5/8/2021,facebook,"2	"
5/8/2021,instagram,"8	"
5/8/2021,twitter,"38	"
5/8/2021,youtube,"2	"
5/9/2021,twitter,"17	"
5/9/2021,youtube,"6	"
5/10/2021,twitter,"31	"
5/10/2021,youtube,"3	"
5/11/2021,instagram,"9	"
5/11/2021,twitter,"12	"
5/11/2021,youtube,"36	"
5/12/2021,facebook,"2	"
5/12/2021,instagram,"13	"
5/12/2021,twitter,"102	"
5/12/2021,youtube,"19	"
5/13/2021,facebook,"4	"
5/13/2021,instagram,"17	"
5/13/2021,twitter,"83	"
5/13/2021,youtube,"30	"
5/14/2021,instagram,"2	"
5/14/2021,twitter,"48	"
5/14/2021,youtube,"30	"
5/15/2021,twitter,"68	"
5/15/2021,youtube,"4	"
5/16/2021,instagram,"1	"
5/16/2021,twitter,"21	"
5/16/2021,youtube,"26	"
5/17/2021,facebook,"1	"
5/17/2021,instagram,"4	"
5/17/2021,twitter,"15	"
5/17/2021,youtube,"1	"
5/18/2021,facebook,"3	"
5/18/2021,instagram,"16	"
5/18/2021,twitter,"8	"
5/18/2021,youtube,"14	"
5/19/2021,facebook,"4	"
5/19/2021,instagram,"24	"
5/19/2021,twitter,"7	"
5/19/2021,youtube,"13	"
5/20/2021,facebook,"4	"
5/20/2021,instagram,"17	"
5/20/2021,twitter,"15	"
5/20/2021,youtube,"15	"
5/21/2021,twitter,"37	"
5/21/2021,youtube,"4	"
5/22/2021,facebook,"2	"
5/22/2021,instagram,"32	"
5/22/2021,twitter,"19	"
5/22/2021,youtube,"7	"
5/23/2021,instagram,"3	"
5/23/2021,twitter,"7	"
5/23/2021,youtube,"16	"
5/24/2021,twitter,"5	"
5/24/2021,youtube,"15	"
5/25/2021,facebook,"3	"
5/25/2021,instagram,"18	"
5/25/2021,twitter,"5	"
5/25/2021,youtube,"2	"
5/26/2021,facebook,"1	"
5/26/2021,instagram,"6	"
5/26/2021,twitter,"8	"
5/26/2021,youtube,"2	"
5/27/2021,facebook,"1	"
5/27/2021,instagram,"4	"
5/27/2021,twitter,"8	"
5/28/2021,youtube,"12	"
5/29/2021,instagram,"1	"
5/29/2021,twitter,"15	"
5/29/2021,youtube,"6	"
5/30/2021,instagram,"4	"
5/30/2021,twitter,"7	"
5/30/2021,youtube,"4	"
5/31/2021,facebook,"1	"
5/31/2021,instagram,"11	"
5/31/2021,twitter,"10	"
5/31/2021,youtube,"30	"
6/1/2021,facebook,"5	"
6/1/2021,instagram,"15	"
6/1/2021,twitter,"26	"
6/1/2021,youtube,"12	"
6/2/2021,twitter,"14	"
6/2/2021,youtube,"20	"
6/3/2021,youtube,"10	"
6/4/2021,instagram,"4	"
6/4/2021,twitter,"5	"
6/4/2021,youtube,"16	"
6/5/2021,facebook,"1	"
6/5/2021,instagram,"8	"
6/5/2021,youtube,"7	"
6/6/2021,instagram,"1	"
6/6/2021,youtube,"18	"
6/7/2021,instagram,"10	"
6/7/2021,youtube,"13	"
6/8/2021,instagram,"18	"
6/8/2021,twitter,"2	"
6/8/2021,youtube,"10	"
6/9/2021,facebook,"3	"
6/9/2021,instagram,"9	"
6/9/2021,twitter,"11	"
6/9/2021,youtube,"4	"
6/10/2021,facebook,"2	"
6/10/2021,instagram,"14	"
6/10/2021,twitter,"31	"
6/10/2021,youtube,"4	"
6/11/2021,facebook,"4	"
6/11/2021,instagram,"20	"
6/11/2021,twitter,"65	"
6/11/2021,youtube,"6	"
6/12/2021,twitter,"19	"
6/12/2021,youtube,"174	"
6/13/2021,twitter,"4	"
6/13/2021,youtube,"20	"
6/14/2021,facebook,"2	"
6/14/2021,instagram,"6	"
6/14/2021,twitter,"14	"
6/14/2021,youtube,"11	"
6/15/2021,instagram,"4	"
6/15/2021,twitter,"22	"
6/15/2021,youtube,"4	"
6/16/2021,facebook,"2	"
6/16/2021,instagram,"8	"
6/16/2021,twitter,"24	"
6/16/2021,youtube,"18	"
6/17/2021,facebook,"2	"
6/17/2021,instagram,"21	"
6/17/2021,twitter,"37	"
6/17/2021,youtube,"16	"
6/18/2021,instagram,"2	"
6/18/2021,twitter,"58	"
6/18/2021,youtube,"2	"
6/19/2021,instagram,"6	"
6/19/2021,twitter,"24	"
6/19/2021,youtube,"12	"
6/20/2021,facebook,"1	"
6/20/2021,instagram,"5	"
6/20/2021,twitter,"6	"
6/20/2021,youtube,"4	"
6/21/2021,facebook,"2	"
6/21/2021,instagram,"22	"
6/21/2021,twitter,"21	"
6/21/2021,youtube,"9	"
6/22/2021,instagram,"12	"
6/22/2021,twitter,"11	"
6/22/2021,youtube,"4	"
6/23/2021,facebook,"1	"
6/23/2021,instagram,"23	"
6/23/2021,twitter,"3	"
6/23/2021,youtube,"12	"
6/24/2021,facebook,"1	"
6/24/2021,instagram,"13	"
6/24/2021,twitter,"6	"
6/25/2021,facebook,"2	"
6/25/2021,instagram,"12	"
6/25/2021,twitter,"7	"
6/26/2021,facebook,"1	"
6/26/2021,instagram,"12	"
6/26/2021,twitter,"18	"
6/26/2021,youtube,"2	"
6/27/2021,instagram,"10	"
6/27/2021,twitter,"9	"
6/27/2021,youtube,"10	"
6/28/2021,facebook,"2	"
6/28/2021,instagram,"136	"
6/28/2021,twitter,"7	"
6/28/2021,youtube,"7	"
6/29/2021,facebook,"1	"
6/29/2021,instagram,"265	"
6/29/2021,twitter,"5	"
6/29/2021,youtube,"10	"
6/30/2021,facebook,"1	"
6/30/2021,instagram,"162	"
6/30/2021,twitter,"11	"
6/30/2021,youtube,"18	"
7/1/2021,facebook,"7	"
7/1/2021,instagram,"61	"
7/1/2021,twitter,"83	"
7/1/2021,youtube,"7	"
7/2/2021,instagram,"17	"
7/2/2021,twitter,"24	"
7/3/2021,facebook,"1	"
7/3/2021,instagram,"14	"
7/3/2021,twitter,"7	"
7/3/2021,youtube,"6	"
7/4/2021,instagram,"4	"
7/4/2021,twitter,"7	"
7/4/2021,youtube,"2	"
7/5/2021,facebook,"1	"
7/5/2021,instagram,"13	"
7/5/2021,twitter,"13	"
7/5/2021,youtube,"3	"
7/6/2021,facebook,"1	"
7/6/2021,instagram,"6	"
7/6/2021,twitter,"8	"
7/7/2021,facebook,"1	"
7/7/2021,instagram,"6	"
7/7/2021,twitter,"3	"
7/8/2021,facebook,"5	"
7/8/2021,instagram,"23	"
7/8/2021,twitter,"15	"
7/8/2021,youtube,"6	"
7/9/2021,facebook,"2	"
7/9/2021,instagram,"10	"
7/9/2021,twitter,"10	"
7/10/2021,facebook,"1	"
7/10/2021,instagram,"11	"
7/10/2021,twitter,"1	"
7/11/2021,facebook,"2	"
7/11/2021,instagram,"14	"
7/11/2021,twitter,"19	"
7/11/2021,youtube,"2	"
7/12/2021,facebook,"2	"
7/12/2021,instagram,"15	"
7/12/2021,twitter,"34	"
7/12/2021,youtube,"1	"
7/13/2021,facebook,"2	"
7/13/2021,instagram,"10	"
7/13/2021,twitter,"926	"
7/14/2021,facebook,"1	"
7/14/2021,instagram,"140	"
7/14/2021,twitter,"109	"
7/14/2021,youtube,"2	"
7/15/2021,facebook,"2	"
7/15/2021,instagram,"98	"
7/15/2021,twitter,"21	"
7/15/2021,youtube,"10	"
7/16/2021,facebook,"2	"
7/16/2021,instagram,"110	"
7/16/2021,twitter,"7	"
7/17/2021,facebook,"2	"
7/17/2021,instagram,"30	"
7/17/2021,twitter,"10	"
7/17/2021,youtube,"1	"
7/18/2021,facebook,"1	"
7/18/2021,instagram,"9	"
7/18/2021,twitter,"29	"
7/19/2021,facebook,"2	"
7/19/2021,instagram,"31	"
7/19/2021,twitter,"10	"
7/19/2021,youtube,"15	"
7/20/2021,facebook,"3	"
7/20/2021,instagram,"31	"
7/20/2021,twitter,"25	"
7/20/2021,youtube,"15	"
7/21/2021,facebook,"2	"
7/21/2021,instagram,"16	"
7/21/2021,twitter,"5	"
7/22/2021,twitter,"7	"
7/22/2021,youtube,"10	"
7/23/2021,facebook,"3	"
7/23/2021,instagram,"13	"
7/23/2021,twitter,"9	"
7/23/2021,youtube,"11	"
7/24/2021,facebook,"2	"
7/24/2021,instagram,"15	"
7/24/2021,twitter,"5	"
7/24/2021,youtube,"1	"
7/25/2021,facebook,"2	"
7/25/2021,instagram,"11	"
7/25/2021,twitter,"2	"
7/26/2021,facebook,"1	"
7/26/2021,instagram,"4	"
7/26/2021,twitter,"115	"
7/26/2021,youtube,"11	"
7/27/2021,facebook,"3	"
7/27/2021,instagram,"18	"
7/27/2021,twitter,"80	"
7/28/2021,facebook,"1	"
7/28/2021,instagram,"5	"
7/28/2021,twitter,"77	"
7/29/2021,twitter,"37	"
7/30/2021,facebook,"4	"
7/30/2021,instagram,"14	"
7/30/2021,twitter,"13	"
7/30/2021,youtube,"2	"
7/31/2021,twitter,"10	"
8/1/2021,instagram,"4	"
8/1/2021,twitter,"3	"
8/2/2021,facebook,"4	"
8/2/2021,instagram,"22	"
8/2/2021,twitter,"5	"
8/2/2021,youtube,"2	"
8/3/2021,twitter,"4	"
8/4/2021,instagram,"2	"
8/4/2021,twitter,"6	"
8/5/2021,facebook,"1	"
8/5/2021,instagram,"6	"
8/5/2021,twitter,"117	"
8/6/2021,facebook,"2	"
8/6/2021,instagram,"12	"
8/6/2021,twitter,"49	"
8/7/2021,instagram,"4	"
8/7/2021,twitter,"6	"
8/8/2021,twitter,"11	"
8/9/2021,facebook,"1	"
8/9/2021,instagram,"4	"
8/9/2021,twitter,"10	"
8/9/2021,youtube,"1	"
8/10/2021,facebook,"2	"
8/10/2021,instagram,"9	"
8/10/2021,twitter,"3	"
8/12/2021,facebook,"2	"
8/12/2021,instagram,"9	"
8/12/2021,twitter,"5	"
8/13/2021,facebook,"2	"
8/13/2021,instagram,"8	"
8/13/2021,twitter,"7	"
8/14/2021,facebook,"2	"
8/14/2021,instagram,"10	"
8/14/2021,twitter,"16	"
8/15/2021,facebook,"1	"
8/15/2021,instagram,"8	"
8/15/2021,twitter,"7	"
8/16/2021,facebook,"6	"
8/16/2021,instagram,"24	"
8/16/2021,twitter,"4	"
8/16/2021,youtube,"3	"
8/17/2021,facebook,"5	"
8/17/2021,instagram,"20	"
8/17/2021,twitter,"11	"
8/18/2021,instagram,"4	"
8/18/2021,twitter,"2	"
8/19/2021,facebook,"4	"
8/19/2021,instagram,"16	"
8/19/2021,twitter,"4	"
8/20/2021,facebook,"1	"
8/20/2021,instagram,"4	"
8/20/2021,twitter,"3	"
8/21/2021,facebook,"1	"
8/21/2021,instagram,"6	"
8/21/2021,twitter,"3	"
8/22/2021,instagram,"2	"
8/22/2021,twitter,"12	"
8/23/2021,facebook,"3	"
8/23/2021,instagram,"12	"
8/23/2021,twitter,"19	"
8/23/2021,youtube,"1	"
8/24/2021,facebook,"4	"
8/24/2021,instagram,"17	"
8/24/2021,twitter,"13	"
8/25/2021,facebook,"2	"
8/25/2021,instagram,"8	"
8/25/2021,twitter,"5	"
8/26/2021,facebook,"3	"
8/26/2021,instagram,"12	"
8/26/2021,twitter,"10	"
8/27/2021,facebook,"1	"
8/27/2021,instagram,"4	"
8/27/2021,twitter,"10	"
8/28/2021,facebook,"2	"
8/28/2021,instagram,"11	"
8/28/2021,twitter,"4	"
8/29/2021,twitter,"2	"
8/29/2021,youtube,"1	"
8/30/2021,facebook,"3	"
8/30/2021,instagram,"12	"
8/30/2021,twitter,"4	"
8/30/2021,youtube,"2	"
8/31/2021,facebook,"5	"
8/31/2021,instagram,"23	"
8/31/2021,twitter,"33	"
9/1/2021,facebook,"5	"
9/1/2021,instagram,"30	"
9/1/2021,twitter,"10	"
9/2/2021,facebook,"3	"
9/2/2021,instagram,"40	"
9/2/2021,twitter,"7	"
9/3/2021,instagram,"50	"
9/3/2021,twitter,"11	"
9/4/2021,facebook,"4	"
9/4/2021,instagram,"46	"
9/4/2021,twitter,"153	"
9/5/2021,facebook,"3	"
9/5/2021,instagram,"32	"
9/5/2021,twitter,"41	"
9/5/2021,youtube,"1	"
9/6/2021,facebook,"1	"
9/6/2021,instagram,"30	"
9/6/2021,twitter,"11	"
9/6/2021,youtube,"1	"
9/7/2021,facebook,"4	"
9/7/2021,instagram,"58	"
9/7/2021,twitter,"20	"
9/8/2021,facebook,"2	"
9/8/2021,instagram,"51	"
9/8/2021,twitter,"7	"
9/9/2021,facebook,"3	"
9/9/2021,instagram,"64	"
9/9/2021,twitter,"6	"
9/10/2021,facebook,"4	"
9/10/2021,instagram,"58	"
9/10/2021,twitter,"10	"
9/11/2021,instagram,"26	"
9/11/2021,twitter,"4	"
9/12/2021,instagram,"28	"
9/12/2021,twitter,"6	"
9/13/2021,facebook,"3	"
9/13/2021,instagram,"50	"
9/13/2021,twitter,"4	"
9/13/2021,youtube,"1	"
9/14/2021,facebook,"1	"
9/14/2021,instagram,"42	"
9/14/2021,twitter,"7	"
9/15/2021,facebook,"2	"
9/15/2021,instagram,"42	"
9/15/2021,twitter,"9	"
9/16/2021,facebook,"3	"
9/16/2021,instagram,"66	"
9/16/2021,twitter,"8	"
9/17/2021,facebook,"2	"
9/17/2021,instagram,"46	"
9/17/2021,twitter,"17	"
9/18/2021,facebook,"1	"
9/18/2021,instagram,"32	"
9/18/2021,twitter,"4	"
9/19/2021,facebook,"1	"
9/19/2021,instagram,"34	"
9/19/2021,twitter,"4	"
9/19/2021,youtube,"1	"
9/20/2021,facebook,"1	"
9/20/2021,instagram,"40	"
9/20/2021,twitter,"3	"
9/20/2021,youtube,"1	"
9/21/2021,facebook,"2	"
9/21/2021,instagram,"36	"
9/21/2021,twitter,"8	"
9/22/2021,facebook,"3	"
9/22/2021,instagram,"52	"
9/22/2021,twitter,"12	"
9/23/2021,facebook,"8	"
9/23/2021,instagram,"65	"
9/23/2021,twitter,"18	"
9/24/2021,instagram,"56	"
9/25/2021,facebook,"1	"
9/25/2021,instagram,"50	"
9/25/2021,twitter,"8	"
9/25/2021,youtube,"1	"
9/26/2021,instagram,"44	"
9/26/2021,twitter,"9	"
9/27/2021,facebook,"1	"
9/27/2021,instagram,"50	"
9/27/2021,twitter,"3	"
9/27/2021,youtube,"1	"
9/28/2021,facebook,"2	"
9/28/2021,instagram,"80	"
9/28/2021,twitter,"5	"
9/29/2021,facebook,"1	"
9/29/2021,instagram,"54	"
9/29/2021,twitter,"2	"
9/30/2021,instagram,"28	"
10/1/2021,facebook,"11	"
10/1/2021,instagram,"84	"
10/1/2021,twitter,"6	"
10/1/2021,youtube,"3	"
10/2/2021,facebook,"3	"
10/2/2021,instagram,"50	"
10/2/2021,twitter,"16	"
10/3/2021,facebook,"4	"
10/3/2021,instagram,"50	"
10/3/2021,twitter,"10	"
10/3/2021,youtube,"1	"
10/4/2021,facebook,"3	"
10/4/2021,instagram,"50	"
10/4/2021,twitter,"10	"
10/4/2021,youtube,"1	"
10/5/2021,facebook,"2	"
10/5/2021,instagram,"52	"
10/5/2021,twitter,"30	"
10/6/2021,instagram,"50	"
10/6/2021,twitter,"3	"
10/7/2021,facebook,"2	"
10/7/2021,instagram,"38	"
10/7/2021,twitter,"9	"
10/8/2021,facebook,"4	"
10/8/2021,instagram,"151	"
10/8/2021,twitter,"8	"
10/8/2021,youtube,"350	"
10/9/2021,facebook,"3	"
10/9/2021,instagram,"75	"
10/9/2021,twitter,"5	"
10/9/2021,youtube,"168	"
10/10/2021,instagram,"39	"
10/10/2021,twitter,"2	"
10/10/2021,youtube,"45	"
10/11/2021,facebook,"2	"
10/11/2021,instagram,"77	"
10/11/2021,twitter,"3	"
10/11/2021,youtube,"41	"
10/12/2021,facebook,"2	"
10/12/2021,instagram,"91	"
10/12/2021,twitter,"6	"
10/12/2021,youtube,"11	"
10/13/2021,facebook,"2	"
10/13/2021,instagram,"54	"
10/13/2021,twitter,"9	"
10/13/2021,youtube,"4	"
10/14/2021,facebook,"5	"
10/14/2021,instagram,"78	"
10/14/2021,twitter,"9	"
10/14/2021,youtube,"11	"
10/15/2021,facebook,"1	"
10/15/2021,instagram,"70	"
10/15/2021,youtube,"1	"
10/16/2021,facebook,"2	"
10/16/2021,instagram,"54	"
10/16/2021,twitter,"8	"
10/16/2021,youtube,"5	"
10/17/2021,facebook,"1	"
10/17/2021,instagram,"26	"
10/17/2021,twitter,"6	"
10/17/2021,youtube,"13	"
10/18/2021,instagram,"48	"
10/18/2021,twitter,"9	"
10/18/2021,youtube,"15	"
10/19/2021,facebook,"6	"
10/19/2021,instagram,"65	"
10/19/2021,twitter,"12	"
10/19/2021,youtube,"10	"
10/20/2021,facebook,"2	"
10/20/2021,instagram,"74	"
10/20/2021,twitter,"3	"
10/20/2021,youtube,"11	"
10/21/2021,facebook,"4	"
10/21/2021,instagram,"74	"
10/21/2021,twitter,"8	"
10/21/2021,youtube,"2	"
10/22/2021,facebook,"1	"
10/22/2021,instagram,"70	"
10/22/2021,twitter,"5	"
10/22/2021,youtube,"4	"
10/23/2021,facebook,"2	"
10/23/2021,instagram,"35	"
10/23/2021,twitter,"6	"
10/23/2021,youtube,"1	"
10/24/2021,facebook,"1	"
10/24/2021,instagram,"56	"
10/24/2021,twitter,"3	"
10/24/2021,youtube,"1	"
10/25/2021,facebook,"4	"
10/25/2021,instagram,"72	"
10/25/2021,twitter,"4	"
10/25/2021,youtube,"1	"
10/26/2021,facebook,"1	"
10/26/2021,instagram,"44	"
10/26/2021,twitter,"8	"
10/26/2021,youtube,"8	"
10/27/2021,facebook,"1	"
10/27/2021,instagram,"106	"
10/27/2021,twitter,"4	"
10/28/2021,facebook,"3	"
10/28/2021,instagram,"106	"
10/28/2021,twitter,"9	"
10/29/2021,facebook,"1	"
10/29/2021,instagram,"74	"
10/29/2021,twitter,"10	"
10/29/2021,youtube,"1	"
10/30/2021,facebook,"5	"
10/30/2021,instagram,"85	"
10/30/2021,twitter,"11	"
10/31/2021,facebook,"4	"
10/31/2021,instagram,"59	"
10/31/2021,twitter,"11	"
11/1/2021,facebook,"11	"
11/1/2021,instagram,"74	"
11/1/2021,twitter,"9	"
11/1/2021,youtube,"3	"
11/2/2021,facebook,"7	"
11/2/2021,instagram,"75	"
11/2/2021,twitter,"10	"
11/2/2021,youtube,"1	"
11/3/2021,facebook,"2	"
11/3/2021,instagram,"96	"
11/3/2021,twitter,"14	"
11/4/2021,facebook,"3	"
11/4/2021,instagram,"78	"
11/4/2021,twitter,"8	"
11/5/2021,facebook,"3	"
11/5/2021,instagram,"84	"
11/5/2021,twitter,"5	"
11/6/2021,facebook,"1	"
11/6/2021,instagram,"112	"
11/6/2021,twitter,"4	"
11/6/2021,youtube,"4	"
11/7/2021,instagram,"64	"
11/7/2021,twitter,"15	"
11/8/2021,facebook,"2	"
11/8/2021,instagram,"65	"
11/8/2021,twitter,"10	"
11/8/2021,youtube,"1	"
11/9/2021,facebook,"1	"
11/9/2021,instagram,"65	"
11/9/2021,twitter,"38	"
11/9/2021,youtube,"1	"
11/10/2021,facebook,"5	"
11/10/2021,instagram,"133	"
11/10/2021,twitter,"18	"
11/11/2021,facebook,"1	"
11/11/2021,instagram,"90	"
11/11/2021,twitter,"10	"
11/11/2021,youtube,"113	"
11/12/2021,facebook,"3	"
11/12/2021,instagram,"148	"
11/12/2021,twitter,"4	"
11/12/2021,youtube,"75	"
11/13/2021,facebook,"6	"
11/13/2021,instagram,"125	"
11/13/2021,twitter,"6	"
11/13/2021,youtube,"27	"
11/14/2021,facebook,"3	"
11/14/2021,instagram,"75	"
11/14/2021,twitter,"4	"
11/14/2021,youtube,"8	"
11/15/2021,instagram,"113	"
11/15/2021,twitter,"2	"
11/15/2021,youtube,"7	"
11/16/2021,facebook,"2	"
11/16/2021,instagram,"111	"
11/16/2021,twitter,"3	"
11/16/2021,youtube,"12	"
11/17/2021,facebook,"6	"
11/17/2021,instagram,"188	"
11/17/2021,twitter,"7	"
11/17/2021,youtube,"7	"
11/18/2021,facebook,"1	"
11/18/2021,instagram,"112	"
11/18/2021,twitter,"1	"
11/18/2021,youtube,"41	"
11/19/2021,facebook,"4	"
11/19/2021,instagram,"157	"
11/19/2021,twitter,"9	"
11/19/2021,youtube,"241	"
11/20/2021,facebook,"1	"
11/20/2021,instagram,"150	"
11/20/2021,twitter,"7	"
11/20/2021,youtube,"79	"
11/21/2021,facebook,"2	"
11/21/2021,instagram,"80	"
11/21/2021,twitter,"4	"
11/21/2021,youtube,"20	"
11/22/2021,facebook,"1	"
11/22/2021,instagram,"159	"
11/22/2021,twitter,"7	"
11/22/2021,youtube,"8	"
11/23/2021,facebook,"3	"
11/23/2021,instagram,"207	"
11/23/2021,twitter,"9	"
11/23/2021,youtube,"10	"
11/24/2021,facebook,"1	"
11/24/2021,instagram,"311	"
11/24/2021,twitter,"6	"
11/24/2021,youtube,"7	"
11/25/2021,facebook,"1	"
11/25/2021,instagram,"355	"
11/25/2021,twitter,"1	"
11/26/2021,instagram,"217	"
11/26/2021,twitter,"2	"
11/26/2021,youtube,"3	"
11/27/2021,facebook,"1	"
11/27/2021,instagram,"170	"
11/27/2021,twitter,"3	"
11/27/2021,youtube,"1	"
11/28/2021,instagram,"129	"
11/29/2021,facebook,"3	"
11/29/2021,instagram,"136	"
11/29/2021,twitter,"13	"
11/29/2021,youtube,"4	"
11/30/2021,facebook,"5	"
11/30/2021,instagram,"81	"
11/30/2021,twitter,"84	"
12/1/2021,facebook,"7	"
12/1/2021,instagram,"104	"
12/1/2021,twitter,"1554	"
12/1/2021,youtube,"6	"
12/2/2021,facebook,"4	"
12/2/2021,instagram,"109	"
12/2/2021,twitter,"34	"
12/3/2021,facebook,"7	"
12/3/2021,instagram,"73	"
12/3/2021,twitter,"70	"
12/3/2021,youtube,"2	"
12/4/2021,facebook,"1	"
12/4/2021,instagram,"47	"
12/4/2021,twitter,"170	"
12/4/2021,youtube,"2	"
12/5/2021,facebook,"1	"
12/5/2021,instagram,"34	"
12/5/2021,twitter,"435	"
12/5/2021,youtube,"2	"
12/6/2021,facebook,"2	"
12/6/2021,instagram,"101	"
12/6/2021,twitter,"581	"
12/6/2021,youtube,"2	"
12/7/2021,facebook,"3	"
12/7/2021,instagram,"60	"
12/7/2021,twitter,"1796	"
12/7/2021,youtube,"132	"
12/8/2021,facebook,"8	"
12/8/2021,instagram,"77	"
12/8/2021,twitter,"2335	"
12/8/2021,youtube,"49	"
12/9/2021,facebook,"3	"
12/9/2021,instagram,"82	"
12/9/2021,twitter,"2127	"
12/9/2021,youtube,"18	"
12/10/2021,facebook,"2	"
12/10/2021,instagram,"88	"
12/10/2021,twitter,"6048	"
12/10/2021,youtube,"20	"
12/11/2021,facebook,"1	"
12/11/2021,instagram,"82	"
12/11/2021,twitter,"4369	"
12/11/2021,youtube,"7	"
12/12/2021,instagram,"25	"
12/12/2021,twitter,"1247	"
12/12/2021,youtube,"8	"
12/13/2021,instagram,"59	"
12/13/2021,twitter,"823	"
12/13/2021,youtube,"3	"
12/14/2021,facebook,"6	"
12/14/2021,instagram,"80	"
12/14/2021,twitter,"1236	"
12/14/2021,youtube,"4	"
12/15/2021,facebook,"3	"
12/15/2021,instagram,"107	"
12/15/2021,twitter,"1346	"
12/15/2021,youtube,"1	"
12/16/2021,facebook,"1	"
12/16/2021,instagram,"80	"
12/16/2021,twitter,"3543	"
12/16/2021,youtube,"3	"
12/17/2021,facebook,"7	"
12/17/2021,instagram,"77	"
12/17/2021,twitter,"2461	"
12/17/2021,youtube,"2	"
12/18/2021,facebook,"1	"
12/18/2021,instagram,"54	"
12/18/2021,twitter,"797	"
12/18/2021,youtube,"2	"
12/19/2021,instagram,"44	"
12/19/2021,twitter,"515	"
12/20/2021,facebook,"1	"
12/20/2021,instagram,"45	"
12/20/2021,twitter,"1115	"
12/20/2021,youtube,"1	"
12/21/2021,facebook,"3	"
12/21/2021,instagram,"36	"
12/21/2021,twitter,"658	"
12/22/2021,facebook,"3	"
12/22/2021,instagram,"58	"
12/22/2021,twitter,"531	"
12/23/2021,facebook,"1	"
12/23/2021,instagram,"37	"
12/23/2021,twitter,"948	"
12/23/2021,youtube,"1	"
12/24/2021,facebook,"1	"
12/24/2021,instagram,"36	"
12/24/2021,twitter,"1492	"
12/25/2021,facebook,"1	"
12/25/2021,instagram,"32	"
12/25/2021,twitter,"136	"
12/26/2021,instagram,"16	"
12/26/2021,twitter,"122	"
12/26/2021,youtube,"2	"
12/27/2021,facebook,"5	"
12/27/2021,instagram,"62	"
12/27/2021,twitter,"841	"
12/27/2021,youtube,"4	"
12/28/2021,facebook,"3	"
12/28/2021,instagram,"41	"
12/28/2021,twitter,"1957	"
12/28/2021,youtube,"5	"
12/29/2021,facebook,"1	"
12/29/2021,instagram,"40	"
12/29/2021,twitter,"621	"
12/30/2021,instagram,"61	"
12/30/2021,twitter,"370	"
12/30/2021,youtube,"1	"
12/31/2021,facebook,"1	"
12/31/2021,instagram,"418	"
12/31/2021,twitter,"429	"
1/1/2022,facebook,"5	"
1/1/2022,instagram,"372	"
1/1/2022,twitter,"148	"
1/2/2022,instagram,"219	"
1/2/2022,twitter,"223	"
1/3/2022,facebook,"3	"
1/3/2022,instagram,"378	"
1/3/2022,twitter,"86	"
1/3/2022,youtube,"1	"
1/4/2022,facebook,"1	"
1/4/2022,instagram,"446	"
1/4/2022,twitter,"1062	"
1/4/2022,youtube,"6	"
1/5/2022,facebook,"7	"
1/5/2022,instagram,"525	"
1/5/2022,twitter,"2320	"
1/5/2022,youtube,"1	"
1/6/2022,facebook,"1	"
1/6/2022,instagram,"428	"
1/6/2022,twitter,"1598	"
1/7/2022,instagram,"331	"
1/7/2022,twitter,"1353	"
1/8/2022,instagram,"211	"
1/8/2022,twitter,"493	"
1/9/2022,facebook,"1	"
1/9/2022,instagram,"230	"
1/9/2022,twitter,"809	"
1/9/2022,youtube,"1	"
1/10/2022,instagram,"456	"
1/10/2022,twitter,"1304	"
1/10/2022,youtube,"2	"
1/11/2022,facebook,"2	"
1/11/2022,instagram,"430	"
1/11/2022,twitter,"2247	"
1/11/2022,youtube,"2	"
1/12/2022,facebook,"2	"
1/12/2022,instagram,"439	"
1/12/2022,twitter,"3563	"
1/13/2022,instagram,"608	"
1/13/2022,twitter,"872	"
1/14/2022,instagram,"609	"
1/14/2022,twitter,"475	"
1/15/2022,instagram,"635	"
1/15/2022,twitter,"595	"
1/15/2022,youtube,"1	"
1/16/2022,instagram,"473	"
1/16/2022,twitter,"190	"
1/17/2022,instagram,"1197	"
1/17/2022,twitter,"278	"
1/17/2022,youtube,"3	"
1/18/2022,instagram,"993	"
1/18/2022,twitter,"4696	"
1/18/2022,youtube,"4	"
1/19/2022,instagram,"1357	"
1/19/2022,twitter,"2457	"
1/19/2022,youtube,"2	"
1/20/2022,instagram,"1286	"
1/20/2022,twitter,"1146	"
1/20/2022,youtube,"2	"
1/21/2022,instagram,"1313	"
1/21/2022,twitter,"1277	"
1/21/2022,youtube,"3	"
1/22/2022,instagram,"814	"
1/22/2022,twitter,"666	"
1/22/2022,youtube,"2	"
1/23/2022,instagram,"701	"
1/23/2022,twitter,"654	"
1/23/2022,youtube,"10	"
1/24/2022,facebook,"8	"
1/24/2022,instagram,"1439	"
1/24/2022,twitter,"694	"
1/24/2022,youtube,"8	"
1/25/2022,facebook,"16	"
1/25/2022,instagram,"1098	"
1/25/2022,twitter,"1068	"
1/26/2022,facebook,"4	"
1/26/2022,instagram,"1235	"
1/26/2022,twitter,"803	"
1/26/2022,youtube,"5	"
1/27/2022,instagram,"1420	"
1/27/2022,twitter,"909	"
1/27/2022,youtube,"1	"
1/28/2022,facebook,"4	"
1/28/2022,instagram,"1347	"
1/28/2022,twitter,"851	"
1/29/2022,facebook,"4	"
1/29/2022,instagram,"608	"
1/29/2022,twitter,"385	"
1/30/2022,instagram,"562	"
1/30/2022,youtube,"2	"
1/31/2022,instagram,"1641	"
2/1/2022,instagram,"3121	"
2/2/2022,instagram,"2125	"
2/2/2022,youtube,"1	"
2/3/2022,instagram,"2375	"
2/3/2022,youtube,"1	"
2/4/2022,instagram,"3322	"
2/5/2022,instagram,"1823	"
2/5/2022,twitter,"247	"
2/6/2022,instagram,"1156	"
2/7/2022,instagram,"2805	"
2/8/2022,instagram,"2712	"
2/8/2022,youtube,"1	"
2/9/2022,instagram,"3934	"
2/9/2022,youtube,"2	"
2/10/2022,instagram,"2938	"
2/10/2022,youtube,"2	"
2/11/2022,instagram,"3843	"
2/12/2022,instagram,"1615	"
2/13/2022,instagram,"1029	"
2/14/2022,instagram,"1345	"
2/15/2022,instagram,"542	"
2/16/2022,instagram,"570	"
2/17/2022,instagram,"295	"
2/18/2022,instagram,"44	"
2/19/2022,instagram,"82	"
2/20/2022,instagram,"50	"
2/21/2022,instagram,"30	"
